Part Number,Current Noise Density (typ),GBP (typ) Hz,BW -3 dB (typ) Hz,Slew Rate (typ) V/us,Vos (max) V,VNoise Density (typ) V/rtHz,Ibias (max) A,Rail to Rail,Iq/Amp (typ) A,Vs span (min) V,Vs span (max) V
ADA4097-2,0.00000000000005,130000,,0.1,0.00006,0.000000053,0.0000000003,Both,0.0000325,3,50
ADA4098-2,0.00000000000015,1050000,1050000,0.4,0.000035,0.000000017,0.0000000007,Both,0.000165,3,50
MAX40263,,15000000,15000000,7,0.00005,0.0000000127,0.0000000000015,Both,0.00075,1.8,5.5
ADA4099-2,0.0000000000005,8000000,8000000,4,0.00004,0.000000007,0.00000001,Both,0.0015,3.15,50
ADA4077-4S,,3900000,,1,0.000025,0.000000007,0.000000001,,0.0004,5,30
ADA4097-1,0.00000000000005,130000,,0.1,0.00006,0.000000053,0.0000000003,Both,0.0000325,3,50
MAX40024,0.00000000000001,80000,80000,0.02,0.0004,0.000000032,0.000000000005,Both,0.000017,1.6,3.6
MAX40110,0.0000000000001,,15000000,7,0.00005,0.0000000127,0.0000000000005,Both,0.00075,1.7,5.5
MAX40111,0.0000000000001,,15000000,7,0.00005,0.0000000127,0.0000000000005,Both,0.00075,1.7,5.5
ADA4098-1,0.00000000000015,1050000,1050000,0.4,0.000035,0.000000017,0.0000000007,Both,0.000165,3,50
ADA4099-1,0.0000000000005,8000000,8000000,4,0.00003,0.000000007,0.00000001,Both,0.0015,3.15,55
MAX40023,0.00000000000001,80000,80000,0.02,0.0004,0.000000032,0.000000000005,Both,0.000017,1.6,3.6
LTC2068,0.000000000000035,100000,,0.0175,0.000005,0.00000008,0.000000000035,Both,0.0000075,1.7,5.25
ADA4523-1,0.000000000001,5000000,,1.85,0.000004,0.0000000042,0.0000000003,Output,0.0045,4.5,36
LTC2065,0.000000000000012,20000,,0.0035,0.000005,0.00000022,0.00000000002,Both,0.0000014,1.7,5.25
LTC6226,0.0000000000024,420000000,330000000,180,0.000095,0.000000001,0.00002,In to V- Output,0.0055,2.8,11.75
LTC6227,0.0000000000024,420000000,330000000,180,0.000095,0.000000001,0.00002,In to V- Output,0.0055,2.8,11.75
LTC6229,0.000000000003,890000000,730000000,500,0.000095,0.00000000088,0.0000025,In to V- Output,0.016,2.8,11.75
ADA4625-2,0.0000000000000045,18000000,16000000,48,0.0001,0.0000000033,0.000000000075,In to V- Output,0.004,5,36
LTC6228,0.000000000003,890000000,730000000,500,0.000095,0.00000000088,0.0000025,In to V- Output,0.016,2.8,11.75
ADHV4702-1,0.000000000000001,10000000,10000000,74,0.001,0.000000008,0.000000000002,,0.003,24,220
LTC2050HV,0.000000000000003,3000000,,2,0.000003,,0.00000000005,In to V- Output,0.0008,2.7,11
LTC2064,0.000000000000012,20000,,0.0035,0.000005,0.00000022,0.00000000002,Both,0.0000014,1.7,5.25
LTC2067,0.000000000000035,100000,,0.0175,0.000005,0.00000008,0.000000000035,Both,0.0000075,1.7,5.25
MAX40078,0.0000000000000005,10000000,10000000,3,0.00035,0.0000000055,0.00000000026,Output Only,0.0022,2.7,5.5
LTC2058,0.0000000000005,2500000,,1.6,0.000005,0.000000009,0.0000000001,In to V- Output,0.00095,4.75,36
ADA4505-1,0.00000000000002,50000,,0.006,0.003,0.000000065,0.000000000002,Both,0.000009,1.8,5
MAX40018,,,9000,0.064,0.0013,,0.0000000002,Output Only,0.0000004,1.7,5.5
MAX40079,0.0000000000000005,10000000,10000000,3,0.00035,0.0000000055,0.00000000026,Output Only,0.0022,2.7,5.5
MAX40087,0.0000000000000005,42000000,42000000,10,0.00035,0.0000000055,0.00000000026,Output Only,0.0022,2.7,5.5
ADA4084-4S,,,,,0.0001,,0.00000025,Both,,3,30
ADA4625-1,0.0000000000000045,18000000,16000000,48,0.00008,0.0000000033,0.000000000075,In to V- Output,0.004,5,36
ADA4622-4,0.0000000000000008,8000000,15500000,23,0.00035,0.0000000125,0.00000000001,In to V- Output,0.000665,5,30
LT1210X,0.000000000002,,55000000,900,0.015,0.000000003,0.00006,,0.035,10,30
LT6203X,0.00000000000075,83000000,,24,0.0005,0.000000002,0.000007,Both,0.0033,2.5,12.6
ADA4622-1,0.0000000000000008,8000000,15500000,23,0.00035,0.0000000125,0.00000000001,In to V- Output,0.000715,5,30
LTC2063,0.000000000000012,20000,,0.0035,0.000005,0.00000022,0.00000000002,Both,0.0000014,1.7,5.25
LTC6258,0.0000000000005,1300000,,0.24,0.0004,0.000000038,0.000000075,Both,0.00002,1.8,5.25
LTC6259,0.0000000000005,1300000,,0.24,0.0004,0.000000038,0.000000075,Both,0.00002,1.8,5.25
LTC6260,0.0000000000005,1300000,,0.24,0.0004,0.000000038,0.000000075,Both,0.00002,1.8,5.25
LTC6261,0.0000000000006,30000000,,7,0.0004,0.000000013,0.0000001,Both,0.000245,1.8,5.25
LTC6262,0.0000000000006,30000000,,7,0.0004,0.000000013,0.0000001,Both,0.000245,1.8,5.25
LTC6263,0.0000000000006,30000000,,7,0.0004,0.000000013,0.0000001,Both,0.000245,1.8,5.25
LT6274,0.0000000000005,40000000,90000000,2200,0.0004,0.00000001,0.0000005,,0.0016,9,32
LTC2066,0.000000000000035,100000,,0.0175,0.000005,0.00000008,0.000000000035,Both,0.0000075,1.7,5.25
MAX40006,0.000000000000001,,300000,0.14,0.001,0.00000044,0.000000003,Both,0.0000045,1.7,5.5
MAX40007,0.000000000000004,15000,20000,12,0.0013,0.000000513,0.0000000001,Output Only,0.0000007,1.7,5.5
LT6018,0.000000000003,15000000,,30,0.00005,0.0000000012,0.00000015,,0.0072,8,33
MAX40100,0.0000000000001,,1500000,0.7,0.00001,0.000000042,0.00000000008,Both,0.000066,1.6,5.5
ADA4522-1,0.0000000000008,2700000,6500000,1.7,0.000005,0.0000000058,0.00000000015,Output,0.00084,4.5,55
LTC6253-7,0.000000000004,2000000000,,500,0.00035,0.00000000275,0.00000075,Both,0.0033,2.5,5.25
ADA4077-2S,,3900000,,1,0.000025,0.000000007,0.000000001,,0.0004,5,30
MAX44290,,,15000000,7,0.00005,,0.0000000000005,Both,0.00075,1.7,5.5
ADA4522-4,0.0000000000008,2700000,6500000,1.7,0.000005,0.0000000058,0.00000000015,Output,0.00083,4.5,55
ADA4530-1,0.00000000000000007,2000000,6000000,1.4,0.00004,0.000000014,0.00000000000002,Output,0.0009,4.5,16
ADA4622-2,0.0000000000000008,8000000,15500000,23,0.00035,0.0000000125,0.00000000001,In to V- Output,0.000665,5,30
ADA4806-1,0.0000000000007,30000000,105000000,160,0.000125,0.0000000052,0.0000008,In to V- Output,0.00057,3,10
ADA4807-4,0.0000000000007,200000000,180000000,225,0.000175,0.0000000033,0.000002,Both,0.001,2.7,11
ADA4522-2,0.0000000000008,2700000,6500000,1.7,0.000005,0.0000000058,0.00000000015,Output,0.00083,4.5,55
MAX44211,,,8500000,80,,,,,0.001,8,20
ADA4084-2S,,,,,0.0001,,0.00000025,Both,,3,30
ADA4177-1,0.0000000000002,3500000,6000000,1.5,0.00006,0.000000008,0.000000001,Output,0.0005,10,30
ADA4350,0.0000000000011,175000000,55000000,100,0.00008,0.000000005,0.000000000001,,0.0085,3.3,12
ADA4610-1,0.000000000000001,16300000,9500000,25,0.0004,0.0000000073,0.000000000025,Output,0.0016,10,36
ADA4807-2,0.0000000000007,200000000,180000000,225,0.000125,0.0000000033,0.000001,Both,0.001,2.7,11
LT6023,0.000000000000012,40000,,1.45,0.00003,0.000000132,0.000000003,Output,0.000018,3,30
LT6023-1,0.000000000000012,40000,,1.45,0.00003,0.000000132,0.000000003,Output,0.000018,3,30
LTC6268-10,0.000000000000007,4000000000,,1500,0.0007,0.000000004,0.00000000000002,In to V- Output,0.0165,3.1,5.25
LTC6269-10,0.000000000000007,4000000000,,1500,0.0007,0.000000004,0.00000000000002,In to V- Output,0.0165,3.1,5.25
ADA4177-4,0.0000000000002,3500000,6000000,1.5,0.00006,0.000000008,0.000000001,Output,0.0005,10,30
ADA4807-1,0.0000000000007,200000000,180000000,225,0.000125,0.0000000033,0.000002,Both,0.001,2.7,11
ICL7621,0.00000000000001,,44000,0.016,0.002,0.0000001,0.00000000005,Output Only,0.000006,2,16
MAX44267,0.0000000000002,,5000000,3,0.00005,0.000000008,0.0000000015,Output Only,0.0012,4.5,15
ADA4177-2,0.0000000000002,3500000,6000000,1.5,0.00006,0.000000008,0.000000001,Output,0.0005,10,30
ADA4805-2,0.0000000000007,30000000,105000000,190,0.000125,0.0000000052,0.0000008,In to V- Output,0.00057,2.7,10
LTC6268,0.0000000000000055,500000000,,400,0.0007,0.0000000043,0.00000000000002,In to V- Output,0.0165,3.1,5.25
LTC6269,0.0000000000000055,500000000,,400,0.0007,0.0000000043,0.00000000000002,In to V- Output,0.0165,3.1,5.25
ADA4084-1,0.00000000000055,15900000,13900000,4.6,0.0001,0.0000000039,0.00000025,Both,0.000565,3,30
ADA4610-4,0.000000000000001,16300000,9500000,25,0.0004,0.0000000073,0.000000000025,Output,0.0016,10,36
ADA4805-1,0.0000000000007,30000000,105000000,190,0.000125,0.0000000052,0.0000008,In to V- Output,0.00057,2.7,10
ADA4870,0.0000000000042,,52000000,2500,0.01,0.0000000021,0.000023,,0.0325,10,40
LTC6091,0.000000000000001,12000000,,21,0.001,0.000000014,0.000000000003,Output,0.0028,9.5,140
LT6020,0.000000000000037,400000,,5,0.00003,0.00000005,0.000000003,Output,0.00009,3,30
LT6020-1,0.000000000000037,400000,,5,0.00003,0.00000005,0.000000003,Output,0.00009,3,30
ADA4077-1,0.0000000000002,3900000,,1,0.000025,0.000000007,0.000000001,,0.0004,5,30
ADA4084-4,0.00000000000055,15900000,13900000,4.6,0.0001,0.0000000039,0.00000025,Both,0.000565,3,30
MAX44241,,,5000000,3.8,0.000005,0.000000009,0.0000000006,Output Only,0.00042,2.7,36
MAX44242,0.0000000000003,,10000000,8,0.0006,0.000000005,0.0000000000005,Output Only,0.0012,2.7,20
MAX44243,,,5000000,3.8,0.000005,0.000000009,0.0000000006,Output Only,0.00042,2.7,36
MAX44244,0.0000000000001,,1000000,0.7,0.0000075,0.00000005,0.0000000003,Output Only,0.0001,2.7,36
AD8244,0.0000000000000008,,3000000,0.8,0.00035,0.000000013,0.000000000002,In to V- Output,0.00018,3,36
ADA4077-4,0.0000000000002,3900000,,1,0.00005,0.000000007,0.000000001,,0.0004,5,30
ADA4610-2S,,,,,0.0004,,0.000000000025,Output,,10,36
ADA4700-1,0.0000000000004,3500000,4800000,20,0.002,0.0000000147,0.00000003,,0.0017,9,110
LT6238,0.000000000001,215000000,,60,0.00035,0.0000000011,0.00001,Output,0.00315,3,12.6
AD8634,0.0000000000006,9700000,11000000,5,0.00025,0.0000000042,0.0000002,Output,0.0011,3,30
ADA4661-2,0.00000000000036,4000000,2100000,2.2,0.00015,0.000000018,0.000000000015,Both,0.00063,3,18
ADA4666-2,0.00000000000036,4000000,2100000,2,0.0022,0.000000018,0.000000000015,Both,0.00063,3,18
LT6015,0.0000000000001,3200000,,0.75,0.00005,0.000000018,0.000000005,Both,0.000315,3,50
LTC2057,0.00000000000017,1500000,,1.2,0.000004,0.000000011,0.0000000002,In to V- Output,0.0008,4.75,36
LTC2057HV,0.00000000000017,1500000,,1.2,0.000004,0.000000011,0.0000000002,In to V- Output,0.0008,4.75,60
MAX44245,0.0000000000001,,1000000,0.7,0.0000075,0.00000005,0.0000000003,Output Only,0.00009,2.7,36
ADA4096-2S,0.0000000000002,783000,,,0.0003,0.000000027,0.000000025,Both,,3,30
LT6016,0.0000000000001,3200000,,0.75,0.00005,0.000000018,0.000000005,Both,0.000315,3,50
LT6017,0.0000000000001,3200000,,0.75,0.00005,0.000000018,0.000000005,Both,0.000315,3,50
LT6236,0.000000000001,215000000,,60,0.0005,0.0000000011,0.00001,Output,0.00315,3,12.6
LT6237,0.000000000001,215000000,,60,0.00035,0.0000000011,0.00001,Output,0.00315,3,12.6
LTC6090,0.000000000000001,12000000,,24,0.001,0.000000014,0.000000000003,Output,0.0027,9.5,140
LTC6090-5,0.000000000000001,24000000,,37,0.001,0.000000014,0.000000000003,Output,0.0027,9.5,140
ADA4895-1,0.0000000000016,1500000000,236000000,943,0.00035,0.000000001,0.000016,Output,0.003,3,10
MAX44281,0.0000000000000012,,15000000,8,0.0001,0.000000019,0.000000002,Output Only,0.0007,1.7,5.5
ADA4077-2,0.0000000000002,3900000,,1,0.000025,0.000000007,0.000000001,,0.0004,5,30
ADA4312-1,,,195000000,2100,0.0012,0.000000057,0.000175,,0.046,12,12
ADA4500-2,0.0000000000000005,10000000,19200000,5.5,0.00012,0.0000000145,0.000000000001,Both,0.00155,2.7,5.5
ADA4895-2,0.0000000000016,1500000000,236000000,943,0.00035,0.000000001,0.000016,Output,0.003,3,10
MAX44246,,,5000000,3.8,0.000005,0.000000009,0.0000000006,Output Only,0.00042,2.7,36
MAX44248,0.0000000000001,,1000000,0.7,0.0000075,0.00000005,0.0000000003,Output Only,0.00009,2.7,36
MAX44250,0.0000000000006,,10000000,8,0.000009,0.0000000059,0.0000000014,Output Only,0.00122,2.7,20
MAX44263,0.0000000000000012,,15000000,7,0.00005,0.0000000127,0.0000000000005,Both,0.00065,1.7,5.5
AD8659,0.0000000000001,230000,305000,0.08,0.00035,0.000000045,0.00000000002,Both,0.000022,2.7,18
ADA4096-4,0.0000000000002,786000,1520000,0.4,0.0003,0.000000027,0.000000025,Both,0.00006,3,30
ADA4528-2,0.0000000000005,3400000,6500000,0.5,0.0000025,0.0000000059,0.00000000025,Both,0.0014,2.2,5.5
ADA4001-2,0.000000000000003,16700000,10300000,25,0.0015,0.0000000077,0.00000000003,Output,0.002,9,36
ADA4610-2,0.000000000000001,16300000,9500000,25,0.0004,0.0000000073,0.000000000025,Output,0.0016,10,36
MAX44252,0.0000000000006,,10000000,8,0.000006,0.0000000059,0.0000000013,Output Only,0.00115,2.7,20
MAX44280,0.0000000000012,50000000,50000000,30,0.00005,0.0000000127,0.0000000000005,Both,0.00075,1.7,5.5
ADA4084-2,0.00000000000055,15900000,13900000,4.6,0.0001,0.0000000039,0.00000025,Both,0.000565,3,30
ADA4638-1,0.0000000000001,1500000,2500000,1.5,0.0000045,0.000000066,0.00000000009,In to V- Output,0.00085,4.5,30
ADA4897-2,0.0000000000028,90000000,230000000,120,0.0005,0.000000001,0.000017,Output,0.003,3,10
LTC6360,0.000000000003,1000000000,250000000,135,0.00025,0.0000000023,0.00003,In to V- Output,0.0136,4.75,5.25
MAX44251,0.0000000000006,,10000000,8,0.000006,0.0000000059,0.0000000013,Output Only,0.00115,2.7,20
AD823A,0.000000000000001,10000000,19000000,35,0.0035,0.000000013,0.000000000025,In to V- Output,0.0051,3,36
ADA4096-2,0.0000000000002,786000,1520000,0.4,0.0003,0.000000027,0.000000025,Both,0.00006,3,30
ADA4896-2,0.0000000000028,90000000,230000000,120,0.0005,0.000000001,0.000017,Output,0.003,3,10
ADA4897-1,0.0000000000028,90000000,230000000,120,0.0005,0.000000001,0.000017,Output,0.003,3,10
MAX44260,0.0000000000000012,,15000000,7,0.00005,0.0000000127,0.0000000000005,Both,0.00075,1.7,5.5
MAX44261,0.0000000000000012,,15000000,7,0.00005,0.0000000127,0.0000000000005,Both,0.00075,1.7,5.5
RH6200M,0.0000000000022,165000000,,44,0.002,0.0000000011,0.000018,Both,0.0165,4.5,12.6
MAX44265,0.000000000000001,,200000,0.1,0.001,0.0000004,0.00000000001,Both,0.000004,1.8,5.5
AD8657,0.0000000000001,230000,305000,0.08,0.00035,0.000000045,0.00000000002,Both,0.000022,2.7,18
ADA4528-1,0.0000000000005,3400000,6500000,0.5,0.0000025,0.0000000059,0.0000000002,Both,0.0014,2.2,5.5
LT1970A,0.000000000003,3600000,,1.6,0.0006,0.000000015,,,0.007,5,36
MAX44264,,,9000,0.002,0.007,0.00000012,0.0000000015,Output Only,0.00000075,1.8,5.5
AD8671S,,10000000,,4,0.000075,,0.000000012,,,8,36
MAX9615,0.0000000000000001,,2800000,1.3,0.0001,0.000000028,0.00000000000155,Both,0.00022,1.7,5.5
MAX9616,0.0000000000000001,,2800000,1.3,0.0001,0.000000028,0.00000000000155,Output Only,0.00012,2.7,5.5
MAX9637,0.00000000000005,,1500000,0.9,0.0022,0.000000038,0.0000000000008,Both,0.000036,2.1,5.5
MAX9638,0.00000000000005,,1500000,0.9,0.0022,0.000000038,0.0000000000008,Both,0.000036,2.1,5.5
ADA4637-1,0.0000000000000016,79900000,,170,0.0002,0.0000000048,0.000000000005,,0.007,9,30
ADA4800,,,400000000,415,0.041,0.0000000015,,In to V+,0.0014,4,17
ADA4891-3,,105000000,220000000,170,0.01,0.000000009,0.00000000005,In to V- Output,0.0044,2.7,5.5
ADA4891-4,,105000000,220000000,170,0.01,0.000000009,0.00000000005,In to V- Output,0.0044,2.7,5.5
MAX9613,0.0000000000000001,,2800000,1.3,0.0001,0.000000028,0.00000000000155,Both,0.00022,1.7,5.5
MAX9614,0.0000000000000001,,2800000,1.3,0.0001,0.000000028,0.00000000000155,Output Only,0.00012,2.7,5.5
AD8629S,0.000000000000005,2500000,,1,0.00001,0.000000022,0.0000000005,Both,,2.7,5.5
ADA4092-4,,1400000,,0.4,0.0015,0.000000024,0.00000008,Both,0.000165,2.7,36
ADA4891-1,,105000000,240000000,170,0.01,0.000000009,0.00000000005,In to V- Output,0.0044,2.7,5.5
ADA4891-2,,105000000,240000000,170,0.01,0.000000009,0.00000000005,In to V- Output,0.0044,2.7,5.5
LTC6252,0.000000000004,720000000,,280,0.00035,0.00000000275,0.00000057,Both,0.0033,2.5,5.25
LTC6253,0.000000000004,720000000,,280,0.00035,0.00000000275,0.00000075,Both,0.0033,2.5,5.25
LTC6254,0.000000000004,720000000,,280,0.00035,0.00000000275,0.000003,Both,0.0033,2.5,5.25
LTC6255,0.00000000000058,6500000,,1.8,0.00035,0.000000021,0.00000005,Both,0.00006,1.8,5.25
LTC6256,0.00000000000058,6500000,,1.8,0.00035,0.000000021,0.00000005,Both,0.000065,1.8,5.25
LTC6257,0.00000000000058,6500000,,1.8,0.00035,0.000000021,0.00000005,Both,0.000065,1.8,5.25
MAX9636,0.0000000000000009,,1500000,0.9,0.0022,0.000000038,0.0000000000008,Both,0.000036,2.1,5.5
AD8624,0.00000000000015,560000,,0.48,0.000125,0.000000011,0.0000000002,Output,0.000215,5,36
ADA4691-4,,3600000,,1.3,0.0025,0.000000016,0.000000000005,In to V- Output,0.000165,2.7,5.5
ADA4898-2,0.0000000000024,50000000,65000000,55,0.000125,0.0000000009,0.0000004,,0.0079,9,36
MAX9618,0.0000000000001,,1500000,0.7,0.00001,0.000000042,0.00000000008,Both,0.000059,1.8,5.5
MAX9619,0.0000000000001,,1500000,0.7,0.00001,0.000000042,0.00000000008,Both,0.000059,1.8,5.5
MAX9620,0.0000000000001,,1500000,0.7,0.00001,0.000000042,0.00000000008,Both,0.000059,1.8,5.5
AD8505,0.000000000000015,95000,,0.013,0.0025,0.000000045,0.00000000001,Both,0.0000165,1.8,5
ADA4051-1,0.0000000000001,125000,,0.06,0.000017,0.000000095,0.00000000007,Both,0.000015,1.8,5.5
ADA4692-4,,3600000,,1.3,0.0025,0.000000016,0.000000000005,In to V- Output,0.000225,2.7,5.5
LTC6246,0.000000000002,180000000,,90,0.0005,0.0000000042,0.00000035,Both,0.00095,2.5,5.25
LTC6247,0.000000000002,180000000,,90,0.0005,0.0000000042,0.00000035,Both,0.00095,2.5,5.25
LTC6248,0.000000000002,180000000,,90,0.0005,0.0000000042,0.00000035,Both,0.00095,2.5,5.25
AD8622,0.00000000000015,560000,,0.48,0.000125,0.000000011,0.0000000002,Output,0.000215,5,36
ADA4051-2,0.0000000000001,125000,,0.06,0.000015,0.000000095,0.00000000007,Both,0.000013,1.8,5.5
ADA4062-4,0.000000000000005,1400000,,3.3,0.0015,0.000000036,0.00000000005,In to V+,0.000165,8,36
ADA4091-4,,1270000,,0.46,0.00025,0.000000024,0.00000008,Both,0.000165,2.7,36
ADA4627-1,0.0000000000000016,19000000,,56,0.0002,0.0000000048,0.000000000005,,0.007,9,36
ADA4691-2,,3600000,,1.3,0.0025,0.000000016,0.000000000005,In to V- Output,0.000165,2.7,5.5
MAX9617,0.0000000000001,,1500000,0.7,0.00001,0.000000042,0.00000000008,Both,0.000059,1.8,5.5
ADA4692-2,,3600000,,1.3,0.0025,0.000000016,0.000000000005,In to V- Output,0.00018,2.7,5.5
MAX9944,0.00000000000018,,2400000,0.35,0.0001,0.0000000176,0.00000009,Output Only,0.00055,6,38
ADA4665-2,0.00000000000005,1200000,,1,0.004,0.000000027,0.000000000001,Both,0.0004,5,16
MAX9943,0.00000000000018,,2400000,0.35,0.0001,0.0000000176,0.00000009,Output Only,0.00055,6,38
MAX9945,0.000000000000001,,3000000,2.2,0.005,0.000000015,0.00000000000015,Output Only,0.0004,4.75,38
AD8597,0.000000000002,10000000,,16,0.00012,0.00000000107,0.0000002,,0.0057,9,30
ADA4004-1,0.0000000000012,12000000,,2.7,0.000125,0.0000000018,0.00000009,,0.0022,10,30
ADA4004-2,0.0000000000012,12000000,,2.7,0.000125,0.0000000018,0.00000009,,0.0022,10,30
ADA4062-2,0.000000000000005,1400000,,3.3,0.0015,0.000000036,0.00000000005,In to V+,0.000165,8,36
ADA4075-2,0.0000000000012,6500000,,12,0.001,0.0000000028,0.0000001,,0.00225,9,36
ADA4091-2,,1270000,,0.46,0.00025,0.000000024,0.00000008,Both,0.000165,2.7,36
ADA4505-4,0.00000000000002,50000,,0.006,0.003,0.000000065,0.000000000002,Both,0.000009,1.8,5
ADA4817-1,0.0000000000000025,410000000,1050000000,870,0.002,0.000000004,0.00000000002,In to V-,0.019,5,10
ADA4817-2,0.0000000000000025,410000000,1050000000,870,0.002,0.000000004,0.00000000002,In to V-,0.019,5,10
ADA4855-3,0.000000000002,200000000,410000000,870,0.003,0.0000000068,0.0000038,In to V- Output,0.0078,3,5.5
ADA4856-3,0.000000000002,,370000000,800,0.0034,0.000000014,,In to V- Output,0.0078,3,5.5
ADA4858-3,0.000000000009,,600000000,600,0.014,0.000000004,0.000013,,0.019,3,5.5
ADA4859-3,0.000000000002,,265000000,740,0.025,0.000000017,0.000002,,0.0057,3,5.5
AD8508,0.000000000000015,95000,,0.013,0.0025,0.000000045,0.00000000001,Both,0.0005,1.8,5
ADA4505-2,0.00000000000002,50000,,0.006,0.003,0.000000065,0.000000000002,Both,0.000009,1.8,5
LT1468-2,0.0000000000006,200000000,,30,0.000075,0.000000005,0.00000001,,0.0039,10,36
AD8639,0.0000000000000005,1500000,,2,0.000009,0.00000006,0.000000000075,In to V- Output,0.0015,4.5,16
ADA4857-1,0.0000000000015,410000000,850000000,2800,0.0045,0.0000000044,0.0000033,,0.005,4.5,10.5
ADA4857-2,0.0000000000015,410000000,850000000,2800,0.0045,0.0000000044,0.0000033,,0.005,4.5,10.5
ADA4898-1,0.0000000000024,50000000,65000000,55,0.000125,0.0000000009,0.0000004,,0.0081,9,36
ICL7612,0.00000000000001,,44000,0.016,0.002,0.0000001,0.00000000005,Output Only,0.000006,2,16
LT1469-2,0.0000000000006,200000000,,30,0.000125,0.000000005,0.00000001,,0.0041,10,36
LTC6084,0.00000000000000056,1500000,,0.5,0.00075,0.000000031,0.00000000004,Both,0.00011,2.5,5.5
LTC6085,0.00000000000000056,1500000,,0.5,0.00075,0.000000031,0.00000000004,Both,0.00011,2.5,5.5
AD8506,0.000000000000015,95000,,0.013,0.0025,0.000000045,0.00000000001,Both,0.00002,1.8,5
AD8638,0.000000000000001,1500000,,2,0.000009,0.00000006,0.000000000075,In to V- Output,0.0015,4.5,16
AD8647,0.000000000000001,24000000,,11,0.0025,0.000000006,0.000000000001,Both,0.002,2.7,5.5
AD8669,0.00000000000005,540000,,0.3,0.0003,0.000000021,0.000000000045,Output,0.000285,5,16
AD8646,0.000000000000001,24000000,,11,0.0025,0.000000006,0.000000000001,Both,0.002,2.7,5.5
AD8663,0.00000000000005,540000,,0.3,0.0003,0.000000021,0.000000000045,Output,0.000285,5,16
ADA4311-1,0.000000000017,,310000000,1050,0.003,0.0000000024,0.000016,,0.0118,12,12
LTC6082,0.0000000000000005,3600000,,1,0.00007,0.000000013,0.000000000001,Both,0.00033,2.7,5.5
LTC6087,0.00000000000000056,14000000,,7.2,0.00075,0.000000012,0.00000000004,Both,0.00105,2.7,5.5
LTC6088,0.00000000000000056,14000000,,7.2,0.00075,0.000000012,0.00000000004,Both,0.00105,2.7,5.5
RH1128M,,20000000,,15,0.00008,0.000000001,0.0000004,,0.0076,8,44
AD8539,,430000,,0.4,0.000015,0.000000052,0.00000000006,Both,0.00021,2.7,5
AD8667,0.00000000000005,540000,,0.3,0.0003,0.000000021,0.000000000045,Output,0.000285,5,16
ADA4000-1,0.00000000000001,5000000,,20,0.0017,0.000000016,0.00000000004,In to V+,0.00165,8,36
ADA4000-2,0.00000000000001,5000000,,20,0.0017,0.000000016,0.00000000004,In to V+,0.00165,8,36
ADA4000-4,0.00000000000001,5000000,,20,0.0017,0.000000016,0.00000000004,In to V+,0.00165,8,36
AD8502,0.0000000000001,7000,,0.004,0.003,0.00000019,0.00000000001,Both,0.00000075,1.8,5
AD8504,0.0000000000001,7000,,0.004,0.003,0.00000019,0.00000000001,Both,0.00000075,1.8,5
AD8599,0.000000000002,10000000,,16,0.00012,0.00000000107,0.0000002,,0.0057,9,36
ADTL082,0.000000000000001,5000000,,20,0.0055,0.000000016,0.0000000001,In to V+,0.0012,8,36
ADTL084,0.000000000000001,5000000,,20,0.0055,0.000000016,0.0000000001,In to V+,0.0012,8,36
AD8392A,0.0000000000076,,37000000,515,0.004,0.0000000025,0.00001,,0.0058,10,24
AD8665,0.0000000000001,4000000,,3.5,0.0025,0.000000008,0.000000000001,In to V- Output,0.00155,5,16
AD8676,0.0000000000003,10000000,,2.5,0.00005,0.0000000028,0.000000002,Output,0.0029,10,30
AD8682,0.00000000000001,3500000,,9,0.001,0.000000036,0.00000000002,In to V+,0.00021,9,36
AD8684,0.00000000000001,3500000,,9,0.001,0.000000036,0.00000000002,In to V+,0.00021,9,36
ADA4310-1,0.0000000000218,,190000000,820,,0.00000000285,,,0.0076,5,12
ADA4853-3,0.0000000000022,55000000,100000000,120,0.0041,0.000000022,0.0000017,In to V- Output,0.0014,2.65,5
LTC6240,0.00000000000000056,18000000,,10,0.000175,0.000000007,0.000000000001,In to V- Output,0.002,2.8,6
LTC6240HV,0.00000000000000056,18000000,,10,0.000175,0.000000007,0.000000000001,In to V- Output,0.002,2.8,12
AD8664,0.0000000000001,4000000,,3.5,0.00016,0.00000001,0.000000000001,In to V- Output,0.00155,5,16
AD8666,0.000000000000001,4000000,,3.5,0.0025,0.000000008,0.000000000001,In to V- Output,0.00155,5,16
ADA4853-2,0.0000000000022,55000000,100000000,120,0.0041,0.000000022,0.0000017,In to V- Output,0.0014,2.65,5
LT6003,0.000000000000012,2000,,0.0008,0.0005,0.000000325,0.00000000009,Both,0.00000085,1.6,16
LT6004,0.000000000000012,2000,,0.0008,0.0005,0.000000325,0.00000000009,Both,0.00000085,1.6,16
LT6005,0.000000000000012,2000,,0.0008,0.00065,0.000000325,0.00000000009,Both,0.00000085,1.6,16
LT6559,0.000000000006,,300000000,500,0.01,0.0000000045,,,0.0039,4,12
RH1028M,0.0000000000047,75000000,,15,0.00008,0.000000001,0.0000004,,0.0076,8,44
AD8500,0.0000000000001,7000,,0.004,0.001,0.00000019,0.00000000001,Both,0.00000075,1.8,5
AD8662,0.0000000000001,4000000,,3.5,0.00016,0.00000001,0.000000000001,In to V- Output,0.0014,5,16
AD8668,,4000000,,3.5,0.0025,0.000000008,0.000000000001,In to V- Output,0.00155,5,16
ADA4860-1,0.0000000000077,,800000000,790,0.013,0.000000004,0.00001,,0.006,5,12
LT6000,0.000000000000025,50000,,0.015,0.00075,0.000000075,0.000000005,Both,0.000013,1.8,18
LT6411,,650000000,650000000,3300,0.01,0.000000008,,,0.016,4.5,12.6
LT6558,,550000000,,2200,0.045,,,,0.0225,3,7.5
LTC6244,0.00000000000000056,50000000,,35,0.0001,0.000000008,0.000000000075,In to V- Output,0.00625,2.8,6
LTC6244HV,0.00000000000000056,50000000,,35,0.0001,0.000000008,0.000000000075,In to V- Output,0.00625,2.8,12
AD8538,,430000,,0.4,0.000013,0.00000005,0.000000000025,Both,0.00018,2.7,5
AD8613,0.00000000000005,350000,,0.1,0.0022,0.000000022,0.000000000001,Both,0.000038,1.8,5
AD8648,0.000000000000001,24000000,,11,0.0025,0.000000006,0.000000000001,Both,0.002,2.7,5.5
AD8677,0.000000000000074,600000,,0.2,0.00013,0.00000001,0.000000001,,0.0013,8,36
ADA4004-4,0.0000000000012,12000000,,2.7,0.000125,0.0000000018,0.00000009,,0.0022,10,30
ADA4853-1,0.0000000000022,55000000,100000000,120,0.0041,0.000000022,0.0000017,In to V- Output,0.0014,2.65,5
LTC6081,0.0000000000000005,3600000,,1,0.00007,0.000000013,0.000000000001,Both,0.00033,2.7,5.5
OP07D,0.000000000000074,600000,,0.2,0.00015,0.00000001,0.000000001,,0.0011,8,36
AD8003,0.000000000036,,1650000000,3800,0.0093,0.0000000018,0.00005,,0.0095,4.5,10
AD8617,0.00000000000005,400000,,0.1,0.0022,0.000000022,0.000000000001,Both,0.000038,1.8,5
AD8619,0.00000000000005,400000,,0.1,0.0022,0.000000022,0.000000000001,Both,0.000038,1.8,5
AD8661,0.0000000000001,4000000,,3.5,0.00016,0.00000001,0.000000000001,In to V- Output,0.0014,5,16
AD8675,0.0000000000003,10000000,,2.5,0.000075,0.0000000028,0.000000002,Output,0.0029,10,30
ADA4841-2,0.0000000000014,35000000,80000000,13,0.0003,0.0000000021,0.0000053,In to V- Output,0.0012,2.7,12
ADA4861-3,0.0000000000055,,730000000,680,0.013,0.0000000032,0.000013,,0.0161,5,12
ADA4899-1,0.0000000000052,280000000,600000000,310,0.00023,0.000000001,0.000001,,0.0147,4.5,12
LT6001,0.000000000000025,50000,,0.015,0.0006,0.000000075,0.000000005,Both,0.000013,1.8,18
LT6002,0.000000000000025,50000,,0.015,0.00075,0.000000075,0.000000005,Both,0.000013,1.8,18
MAX9912,0.000000000000001,,200000,0.1,0.001,0.0000004,0.00000000001,Both,0.000004,1.8,5.5
MAX9916,0.000000000000001,,1000000,0.5,0.001,0.00000016,0.00000000001,Both,0.00002,1.8,5.5
RH1814M,0.000000000001,100000000,,750,0.0015,0.000000008,,,0.0036,2.5,12.6
AD8656,0.000000000000001,28000000,,11,0.00025,0.0000000027,0.00000000001,Both,0.0045,2.7,5.5
ADA4841-1,0.0000000000014,35000000,80000000,13,0.0003,0.0000000021,0.0000053,In to V- Output,0.0012,2.7,12
ADA4862-3,0.0000000000014,,720000000,830,0.025,0.0000000106,0.000001,,0.016,5,12
LT6556,0.0000000000035,750000000,,2100,0.067,0.000000011,,,0.0095,4.5,12.6
LTC6078,0.00000000000000056,750000,,0.05,0.000025,0.000000018,0.000000000001,Both,0.000054,2.7,5.5
LTC6079,0.00000000000000056,750000,,0.05,0.000025,0.000000018,0.000000000001,Both,0.000054,2.7,5.5
LTC6241,0.00000000000000056,18000000,,10,0.000125,0.000000007,0.000000000075,In to V- Output,0.0018,2.8,6
LTC6241HV,0.00000000000000056,18000000,,10,0.000125,0.000000007,0.000000000075,In to V- Output,0.0018,2.8,12
LTC6242,0.00000000000000056,18000000,,10,0.000125,0.000000007,0.000000000075,In to V- Output,0.0018,2.8,6
LTC6242HV,0.00000000000000056,18000000,,10,0.000125,0.000000007,0.000000000075,In to V- Output,0.0018,2.8,12
MAX9910,0.000000000000001,,200000,0.1,0.001,0.0000004,0.00000000001,Both,0.000004,1.8,5.5
MAX9911,0.000000000000001,,200000,0.1,0.001,0.0000004,0.00000000001,Both,0.000004,1.8,5.5
MAX9914,0.000000000000001,,1000000,0.5,0.001,0.00000016,0.00000000001,Both,0.00002,1.8,5.5
MAX9915,0.000000000000001,,1000000,0.5,0.001,0.00000016,0.00000000001,Both,0.00002,1.8,5.5
AD8642,0.0000000000000005,3500000,,3,0.00075,0.0000000275,0.000000000001,In to V- Output,0.00029,5,26
AD8643,0.0000000000000005,3500000,,3,0.00075,0.0000000275,0.000000000001,In to V- Output,0.00029,5,26
AD8655,0.000000000000001,28000000,,11,0.00025,0.0000000027,0.00000000001,Both,0.0045,2.7,5.5
AD8694,0.00000000000005,10000000,,5,0.002,0.0000000065,0.000000000001,In to V- Output,0.00105,2.7,5.5
ADA4850-1,0.0000000000025,70000000,175000000,160,0.0042,0.00000001,0.0000042,In to V- Output,0.0025,2.7,6
ADA4850-2,0.0000000000025,70000000,175000000,160,0.0042,0.00000001,0.0000042,In to V- Output,0.0025,2.7,6
ADA4851-2,0.0000000000025,70000000,105000000,190,0.0035,0.00000001,0.000004,In to V- Output,0.0029,2.7,12
LT6555,0.0000000000035,650000000,,2200,0.016,0.000000009,,,0.009,4.5,12.6
AD8000,0.000000000026,,1580000000,4100,0.01,0.0000000016,0.000045,,0.0135,4.5,12
AD8397,0.0000000000015,35000000,69000000,53,0.003,0.0000000045,0.0000009,Output,0.009,3,25.2
AD8615,0.00000000000005,24000000,,12,0.0001,0.000000007,0.000000000001,Both,0.0017,2.7,5.5
AD8630,0.000000000000005,2500000,,1,0.000005,0.000000022,0.0000000003,Both,0.00085,2.7,5.5
AD8691,0.00000000000005,10000000,,5,0.002,0.0000000065,0.000000000001,In to V- Output,0.00105,2.7,5.5
ADA4851-4,0.0000000000025,70000000,105000000,190,0.0035,0.00000001,0.000004,In to V- Output,0.0029,2.7,12
LT6557,0.00000000002,500000000,,2200,0.04,0.000000012,,,0.0225,3,7.5
MAX4030E,,,144000000,115,0.026,,0.000001,In to V- Output,0.012,4.5,5
MAX4031E,,,144000000,115,0.026,,0.000001,In to V- Output,0.012,4.5,5
AD8629,0.000000000000005,2500000,,1,0.000005,0.000000022,0.0000000001,Both,0.00085,2.7,5.5
AD8641,0.0000000000000005,3500000,,3,0.00075,0.0000000275,0.000000000001,In to V- Output,0.00029,5,26
AD8652,0.000000000000004,50000000,50000000,41,0.0003,0.0000000045,0.00000000001,Both,0.009,2.7,5.5
AD8692,0.00000000000005,10000000,,5,0.002,0.0000000065,0.000000000001,In to V- Output,0.00105,2.7,5.5
ADA4851-1,0.0000000000025,70000000,105000000,190,0.0035,0.00000001,0.000004,In to V- Output,0.0029,2.7,12
MAX9913,0.000000000000001,,200000,0.1,0.001,0.0000004,0.00000000001,Both,0.000004,1.8,5.5
MAX9917,0.000000000000001,,1000000,0.5,0.001,0.00000016,0.00000000001,Both,0.00002,1.8,5.5
AD8045,0.000000000003,400000000,1000000000,1350,0.001,0.000000003,0.0000063,,0.016,3.3,12
MAX4036,,,4000,0.0004,0.002,0.0000005,0.00000000001,Output Only,0.0000008,1.4,3.6
AD8618,0.00000000000005,24000000,,12,0.00006,0.000000007,0.000000000001,Both,0.002,2.7,5.5
LT6013,0.00000000000015,1600000,,0.2,0.000035,0.0000000095,0.00000000025,Output,0.000145,2.7,40
LT6554,0.0000000000035,650000000,,2500,0.035,0.00000002,0.00005,,0.008,4,13.2
LTC2055,,500000,,0.5,0.000003,0.000000085,0.00000000015,In to V- Output,0.00013,2.7,6
LTC2055HV,,500000,,0.5,0.000003,0.000000085,0.00000000015,In to V- Output,0.00015,2.7,11
AD8616,0.00000000000005,24000000,,12,0.00006,0.000000007,0.000000000001,Both,0.0017,2.7,5.5
AD8672,0.0000000000003,10000000,,4,0.000075,0.0000000028,0.000000012,,0.003,8,36
AD8674,0.0000000000003,10000000,,4,0.000075,0.0000000028,0.000000012,,0.003,8,36
LT6014,0.00000000000015,1600000,,0.2,0.00006,0.0000000095,0.0000000004,Output,0.000145,2.7,40
MAX4037,,,4000,0.0004,0.002,0.0000005,0.00000000001,Output Only,0.0000019,1.4,3.6
MAX4038,,,4000,0.0004,0.002,0.0000005,0.00000000001,Output Only,0.0000008,1.4,3.6
MAX4039,,,4000,0.0004,0.002,0.0000005,0.00000000001,Output Only,0.0000014,1.4,3.6
AD8040,0.0000000000011,45000000,125000000,62,0.005,0.0000000165,0.0000028,Both,0.0014,2.7,12
AD8099,0.0000000000026,3800000000,510000000,470,0.0005,0.00000000095,0.000013,,0.015,5,12
AD8513,0.00000000000001,8000000,,20,0.0004,0.0000000076,0.00000000008,,0.0025,9,30
AD8607,0.00000000000005,316000,,0.1,0.0003,0.000000022,0.000000000001,Both,0.00005,1.8,5
AD8609,0.00000000000005,316000,,0.1,0.0003,0.000000022,0.000000000001,Both,0.00004,1.8,5
AD8625,0.0000000000000004,5000000,,5,0.00075,0.000000016,0.000000000001,In to V- Output,0.00085,5,26
AD8626,0.0000000000000004,5000000,,5,0.00075,0.000000016,0.000000000001,In to V- Output,0.00085,5,26
AD8651,0.000000000000004,50000000,50000000,41,0.00035,0.0000000045,0.00000000001,Both,0.009,2.7,5.5
LT6010,0.0000000000001,330000,,0.09,0.000035,0.000000014,0.00000000011,Output,0.000135,2.7,40
LT6205,0.000000000004,100000000,,600,0.0045,0.000000009,0.00003,In to V- Output,0.004,3,12.6
LT6207,0.000000000004,100000000,,600,0.0045,0.000000009,0.00003,In to V- Output,0.004,3,12.6
LT6230,0.000000000001,215000000,,70,0.0005,0.0000000011,0.00001,Output,0.0033,3,12.6
LT6230-10,0.000000000001,1450000000,,250,0.0005,0.0000000011,0.00001,Output,0.0033,3,12.6
LT6231,0.000000000001,215000000,,70,0.00035,0.0000000011,0.00001,Output,0.0033,3,12.6
LT6232,0.000000000001,215000000,,70,0.00035,0.0000000011,0.00001,Output,0.0033,3,12.6
LT6233,0.00000000000043,60000000,,15,0.0005,0.0000000019,0.000003,Output,0.00115,3,12.6
LT6233-10,0.00000000000043,375000000,,80,0.0005,0.0000000019,0.000003,Output,0.00115,3,12.6
LT6234,0.00000000000043,60000000,,17,0.00035,0.0000000019,0.000003,Output,0.00115,3,12.6
LT6235,0.00000000000043,60000000,,17,0.00035,0.0000000019,0.000003,Output,0.00115,3,12.6
LT6553,0.000000000004,650000000,,2500,0.01,0.000000009,0.00005,,0.008,4,13.2
AD8028,0.0000000000016,190000000,190000000,100,0.0009,0.0000000043,0.000011,Both,0.0065,2.7,12
AD8029,0.0000000000011,45000000,125000000,63,0.005,0.0000000165,0.0000028,Both,0.0014,2.7,12
AD8030,0.0000000000011,45000000,125000000,63,0.005,0.0000000165,0.0000028,Both,0.0014,2.7,12
AD8603,0.00000000000005,316000,,0.1,0.0003,0.000000022,0.000000000001,Both,0.00005,1.8,5
AD8671,0.0000000000003,10000000,,4,0.000075,0.0000000028,0.000000012,,0.003,8,36
LT1803,0.0000000000025,83000000,,100,0.002,0.000000021,0.00000075,Both,0.0027,2.3,12.6
LT6012,0.0000000000001,330000,,0.09,0.00006,0.000000014,0.0000000003,Output,0.000135,2.4,40
LT6210,0.0000000000045,,200000000,700,0.006,0.0000000065,,Output,0.0058,3,13.2
LT6220,0.0000000000008,60000000,,20,0.00035,0.00000001,0.00000015,Both,0.0009,2.2,12.6
LT6221,0.0000000000008,60000000,,20,0.00035,0.00000001,0.00000015,Both,0.0009,2.2,12.6
LT6222,0.0000000000008,60000000,,20,0.00035,0.00000001,0.00000015,Both,0.0009,2.2,12.6
LT6552,0.0000000000007,75000000,,600,0.02,0.000000055,0.00005,Output,0.0125,3,12.6
LT1804,0.0000000000025,83000000,,100,0.002,0.000000021,0.00000075,Both,0.0027,2.3,12.6
LT1805,0.0000000000025,85000000,,100,0.002,0.000000021,0.00000075,Both,0.0027,2.3,12.6
LT6011,0.0000000000001,330000,,0.09,0.00006,0.000000014,0.0000000003,Output,0.000135,2.4,40
LT6206,0.000000000004,100000000,,600,0.0045,0.000000009,0.00003,In to V- Output,0.004,3,12.6
AD8027,0.0000000000016,190000000,190000000,100,0.0009,0.0000000043,0.000011,Both,0.0065,2.7,12
AD8627,0.0000000000000004,5000000,,5,0.00075,0.000000016,0.000000000001,In to V- Output,0.00085,5,26
LT1678,0.0000000000003,20000000,,6,0.0001,0.0000000039,0.00000002,Both,0.002,3,36
LT1679,0.0000000000003,20000000,,6,0.0001,0.0000000039,0.00000002,Both,0.002,3,36
LT6211,0.0000000000045,,200000000,700,0.006,0.0000000065,,Output,0.0058,3,13.2
LTC2054,,500000,,0.5,0.000003,0.000000085,0.00000000015,In to V- Output,0.00014,2.7,6
LTC2054HV,,500000,,0.5,0.000003,0.000000085,0.00000000015,In to V- Output,0.000175,2.7,11
AD8067,0.0000000000000006,200000000,54000000,640,0.001,0.0000000066,0.000000000005,In to V- Output,0.007,5,24
AD8608,0.00000000000001,10000000,,5,0.000075,0.0000000065,0.000000000001,Both,0.0012,2.7,5
LT1218,0.00000000000009,300000,,0.1,0.00009,0.000000033,0.00000007,Both,0.00037,2,36
LT1219,0.00000000000009,150000,,0.05,0.00009,0.000000033,0.00000007,Both,0.00037,2,36
LT1818,0.0000000000012,400000000,,2500,0.0015,0.000000006,0.000008,,0.009,3.5,12.6
AD8008,0.0000000000225,,500000000,1000,0.004,0.0000000027,0.000008,,0.009,5,12
AD8033,0.0000000000000007,45000000,80000000,80,0.002,0.000000011,0.000000000011,In to V- Output,0.0033,5,24
AD8066,0.0000000000000006,145000000,120000000,180,0.0015,0.000000007,0.000000000006,In to V- Output,0.0074,5,24
AD8510,0.00000000000001,8000000,,20,0.0004,0.0000000076,0.00000000008,,0.0025,9,30
AD8515,0.00000000000005,5000000,,2.7,0.006,0.00000002,0.00000000003,Both,0.0005,1.8,5
AD8605,0.00000000000001,10000000,,5,0.000065,0.0000000065,0.000000000001,Both,0.0012,2.7,5
LT1819,0.0000000000012,400000000,,2500,0.0015,0.000000006,0.000008,,0.009,3.5,12.6
LT6200,0.0000000000022,165000000,,44,0.004,0.00000000095,0.00004,Both,0.02,2.5,12.6
LT6200-10,0.0000000000022,1450000000,,340,0.004,0.00000000095,0.00004,Both,0.02,2.5,12.6
LT6200-5,0.0000000000022,750000000,,210,0.004,0.00000000095,0.00004,Both,0.02,2.5,12.6
LT6202,0.00000000000075,100000000,,25,0.0005,0.0000000019,0.000007,Both,0.0028,2.5,12.6
LT6203,0.00000000000075,100000000,,25,0.0005,0.0000000019,0.000007,Both,0.0028,2.5,12.6
LT6204,0.00000000000075,100000000,,25,0.0005,0.0000000019,0.000007,Both,0.0028,2.5,12.6
LT6550,0.000000000008,110000000,,340,0.035,0.000000012,0.000065,In to V- Output,0.0095,3,12.6
LT6551,0.000000000008,110000000,,340,0.035,0.000000012,0.000065,In to V- Output,0.0095,3,12.6
AD8007,0.0000000000225,,500000000,1000,0.004,0.0000000027,0.000006,,0.009,5,12
AD8034,0.0000000000000007,45000000,80000000,80,0.002,0.000000011,0.000000000011,In to V- Output,0.0033,5,24
AD8038,0.0000000000006,100000000,350000000,425,0.003,0.000000008,0.00000075,,0.001,3,12
AD8065,0.0000000000000006,145000000,145000000,180,0.0015,0.000000007,0.000000000006,In to V- Output,0.0074,5,24
AD8091,0.0000000000006,50000000,110000000,170,0.011,0.000000016,0.0000026,In to V- Output,0.0055,3,12
AD8092,0.0000000000009,50000000,110000000,170,0.011,0.000000016,0.0000026,In to V- Output,0.0048,3,12
AD8606,0.00000000000001,10000000,,5,0.000065,0.0000000065,0.000000000001,Both,0.0012,2.7,5
AD8620,0.000000000000005,25000000,,60,0.00015,0.000000006,0.00000000001,,0.0035,10,26
AD8628,0.000000000000005,2500000,,1,0.000005,0.000000022,0.0000000001,Both,0.00085,2.7,5.5
LT1722,0.0000000000012,200000000,,70,0.0004,0.0000000038,0.0000003,,0.0037,4.6,12.6
LT1723,0.0000000000012,200000000,,70,0.0004,0.0000000038,0.0000003,,0.0037,4.6,12.6
LT1724,0.0000000000012,200000000,,70,0.0004,0.0000000038,0.0000003,,0.0037,4.6,12.6
LT1801,0.000000000001,80000000,,25,0.00035,0.0000000085,0.00000025,Both,0.0016,2.3,12.6
LT1802,0.000000000001,80000000,,25,0.00035,0.0000000085,0.00000025,Both,0.0016,2.3,12.6
LT1970,0.000000000003,3600000,,1.6,0.0006,0.000000015,,,0.007,5,36
MAX4238,0.000000000000001,,1000000,,0.000002,0.000000025,0.00000000001,Output Only,0.0006,2.7,5.5
MAX4239,0.000000000000001,,6500000,,0.000002,0.000000025,0.00000000001,Output Only,0.0006,2.7,5.5
MAX4385E,0.000000000002,,230000000,450,0.028,0.0000000115,0.00002,Output,0.0055,4.5,5.5
MAX4386E,0.000000000002,,230000000,450,0.028,0.0000000115,0.00002,Output,0.0055,4.5,5.5
OP4177,0.0000000000002,1300000,,0.7,0.000075,0.0000000079,0.000000002,,0.0005,5,30
AD8039,0.0000000000006,100000000,350000000,425,0.003,0.000000008,0.00000075,,0.001,3,12
AD8512,0.00000000000001,8000000,,20,0.0004,0.0000000076,0.00000000008,,0.0025,9,30
LT6201,0.0000000000022,165000000,,50,0.004,0.00000000095,0.00004,Both,0.02,2.5,12.6
MAX4091,0.0000000000015,,500000,0.2,0.0014,0.000000012,0.00000018,Both,0.000115,2.7,6
MAX4092,0.0000000000015,,500000,0.2,0.0014,0.000000012,0.00000018,Both,0.000115,2.7,6
MAX4094,0.0000000000015,,500000,0.2,0.0014,0.000000012,0.00000018,Both,0.000115,2.7,6
MAX4232,,,10000000,10,0.006,0.000000012,0.00000000005,Both,0.0011,2.7,5.5
MAX4234,,,10000000,10,0.006,0.000000012,0.00000000005,Both,0.0011,2.7,5.5
MAX4289,,,17000,,0.002,,0.000000015,Output Only,0.000009,1,5.5
MAX4389,0.0000000000021,,85000000,500,0.026,0.000000013,0.000015,Output,0.006,4.5,11
MAX4390,0.0000000000021,,85000000,500,0.026,0.000000013,0.000015,Output,0.006,4.5,11
MAX4392,0.0000000000021,,85000000,500,0.026,0.000000013,0.000015,Output,0.006,4.5,11
MAX4393,0.0000000000021,,85000000,500,0.026,0.000000013,0.000015,Output,0.006,4.5,11
MAX4394,0.0000000000021,,85000000,500,0.026,0.000000013,0.000015,Output,0.006,4.5,11
MAX4395,0.0000000000021,,85000000,500,0.026,0.000000013,0.000015,Output,0.006,4.5,11
MAX4396,0.0000000000021,,85000000,500,0.026,0.000000013,0.000015,Output,0.006,4.5,11
AD8565,0.0000000000008,5000000,,6,0.01,0.000000025,0.0000006,Both,0.00085,4,17
AD8566,0.0000000000008,5000000,,6,0.01,0.000000025,0.0000006,Both,0.00085,4,17
AD8610,0.000000000000005,25000000,,60,0.0001,0.000000006,0.00000000001,,0.0035,10,26
LT1739,0.0000000000008,200000000,200000000,600,0.005,0.000000008,0.000004,,0.01,8,27
LT1800,0.000000000001,80000000,,25,0.00035,0.0000000085,0.00000025,Both,0.0016,2.3,12.6
LT1816,0.0000000000013,220000000,350000000,1500,0.0015,0.000000006,0.000008,,0.0065,2.5,12.6
LT1817,0.0000000000013,220000000,350000000,1500,0.0015,0.000000006,0.000008,,0.0065,2.5,12.6
LT6300,0.0000000000008,200000000,200000000,600,0.005,0.000000008,0.000004,,0.01,8,27
MAX4230,,,10000000,10,0.006,0.000000012,0.00000000005,Both,0.0011,2.7,5.5
MAX4231,,,10000000,10,0.006,0.000000012,0.00000000005,Both,0.0011,2.7,5.5
MAX4233,,,10000000,10,0.006,0.000000012,0.00000000005,Both,0.0011,2.7,5.5
MAX4434,0.000000000002,,150000000,133,0.0035,0.0000000022,0.000022,In to V-,0.015,4.5,5.5
MAX4436,0.000000000002,,150000000,133,0.0035,0.0000000022,0.000022,In to V-,0.015,4.5,5.5
MAX4464,,,40000,0.02,0.007,0.00000012,0.0000000015,Output Only,0.00000075,1.8,5.5
MAX4474,,,40000,0.02,0.007,0.00000012,0.0000000015,Output Only,0.00000075,1.8,5.5
MAX4494,0.0000000000002,,5000000,3,0.005,0.000000008,0.000001,Output Only,0.00077,4.5,11
MAX4495,0.0000000000002,,5000000,3,0.005,0.000000008,0.000001,Output Only,0.00077,4.5,11
OP2177,0.0000000000002,1300000,,0.7,0.000075,0.0000000079,0.000000002,,0.0004,5,30
AD8021,0.0000000000021,1000000000,560000000,130,0.001,0.0000000021,0.0000105,,0.0078,4.5,24
MAX4236,,,1700000,0.3,0.00005,0.000000014,0.0000000005,Output Only,0.00035,2.4,5.5
MAX4236A,,,1700000,0.3,0.00002,0.000000014,0.0000000005,Output Only,0.00035,2.4,5.5
MAX4237,,,7500000,1.3,0.00005,0.000000014,0.0000000005,Output Only,0.00035,2.4,5.5
MAX4237A,,,7500000,1.3,0.00002,0.000000014,0.0000000005,Output Only,0.00035,2.4,5.5
MAX4335,0.0000000000006,,5000000,1.8,0.003,0.000000026,0.0000004,Both,0.0013,2.7,5.5
MAX4475,0.0000000000000005,,10000000,3,0.00075,0.0000000045,0.00000000015,Output Only,0.0025,2.7,5.5
MAX4476,0.0000000000000005,,10000000,3,0.00075,0.0000000045,0.00000000015,Output Only,0.0025,2.7,5.5
MAX4478,0.0000000000000005,,10000000,3,0.00075,0.0000000045,0.00000000015,Output Only,0.0025,2.7,5.5
MAX4488,0.0000000000000005,,42000000,10,0.00075,0.0000000045,0.00000000015,Output Only,0.0025,2.7,5.5
MAX4489,0.0000000000000005,,42000000,10,0.00075,0.0000000045,0.00000000015,Output Only,0.0025,2.7,5.5
OP1177,0.0000000000002,1300000,,0.7,0.00006,0.0000000079,0.000000002,,0.0004,5,30
LT1794,0.0000000000008,200000000,200000000,600,0.005,0.000000008,0.000004,,0.01,8,36
LT1814,0.000000000001,100000000,,750,0.0015,0.000000008,0.000004,,0.003,2.5,12.5
LT1815,0.0000000000013,220000000,350000000,1500,0.0015,0.000000006,0.000008,,0.0065,4,12.6
LT1880,0.00000000000007,1100000,,0.55,0.00015,0.000000013,0.0000000009,Output,0.0012,2.4,40
LT1969,0.000000000002,700000000,,200,0.004,0.000000006,0.000004,,0.007,4,13.2
MAX4245,0.0000000000001,,1000000,0.4,0.0015,0.000000052,0.00000005,Both,0.000375,2.5,5.5
MAX4246,0.0000000000001,,1000000,0.4,0.0015,0.000000052,0.00000005,Both,0.000375,2.5,5.5
MAX4247,0.0000000000001,,1000000,0.4,0.0015,0.000000052,0.00000005,Both,0.000375,2.5,5.5
MAX4350,0.0000000000018,,210000000,485,0.026,0.00000001,0.00002,In to V- Output,0.0069,9,11
MAX4351,0.0000000000018,,210000000,485,0.026,0.00000001,0.00002,In to V- Output,0.0069,9,11
MAX4380,0.000000000002,,210000000,485,0.02,0.00000001,0.00002,Output,0.0055,4.5,11
MAX4381,0.000000000002,,210000000,485,0.02,0.00000001,0.00002,Output,0.0055,4.5,11
MAX4382,0.000000000002,,210000000,485,0.02,0.00000001,0.00002,Output,0.0055,4.5,11
MAX4383,0.000000000002,,210000000,485,0.02,0.00000001,0.00002,Output,0.0055,4.5,11
MAX4384,0.000000000002,,210000000,485,0.02,0.00000001,0.00002,Output,0.0055,4.5,11
MAX4470,,,9000,0.002,0.007,0.00000012,0.0000000015,Output Only,0.00000075,1.8,5.5
MAX4471,,,9000,0.002,0.007,0.00000012,0.0000000015,Output Only,0.00000075,1.8,5.5
MAX4472,,,9000,0.002,0.007,0.00000012,0.0000000015,Output Only,0.00000075,1.8,5.5
AD8074,,600000000,600000000,1600,0.027,0.0000000195,0.0000095,,0.024,9,11
AD8075,,550000000,550000000,1350,0.04,0.000000022,0.00001,,0.024,9,11
LT1494,0.00000000000001,2700,,0.001,0.000375,0.000000185,0.000000001,Both,0.000001,2.1,36
LT1672,0.00000000000001,12000,,0.005,0.000375,0.000000185,0.000000001,Both,0.0000015,2.1,36
LT1673,0.00000000000001,12000,,0.005,0.000375,0.000000185,0.000000001,Both,0.0000015,2.1,36
LT1674,0.00000000000001,12000,,0.005,0.000375,0.000000185,0.000000001,Both,0.0000015,2.1,36
LT6301,0.0000000000008,200000000,200000000,600,0.005,0.000000008,0.000004,,0.004,8,27
MAX4352,0.0000000000005,,80000000,240,0.012,0.000000015,0.000003,Output,0.00062,2.7,5.25
MAX4353,0.0000000000005,,80000000,240,0.012,0.000000015,0.000003,Output,0.00062,2.7,5.25
MAX4452,0.0000000000005,,200000000,95,0.012,0.000000015,0.000003,Output,0.00062,2.7,5.25
MAX4453,0.0000000000005,,200000000,95,0.012,0.000000015,0.000003,Output,0.00062,2.7,5.25
MAX4454,0.0000000000005,,200000000,95,0.012,0.000000015,0.000003,Output,0.00062,2.7,5.25
MAX4481,0.000000000000001,,140000,0.08,0.0055,0.0000001,0.0000000001,Output Only,0.000045,2.5,5.5
AD8567,0.0000000000008,5000000,,6,0.01,0.000000025,0.0000006,Both,0.00085,4,17
AD8601,0.00000000000005,8400000,,6,0.0005,0.000000018,0.00000000006,Both,0.00075,2.7,5.5
AD8604,0.00000000000005,8400000,,6,0.0006,0.000000018,0.00000000006,Both,0.00075,2.7,5.5
LT1797,0.00000000000015,10000000,,2.25,0.0015,0.00000002,0.0000003,Both,0.0011,2.1,12.6
LTC2050,0.000000000000003,3000000,,2,0.000003,,0.000000000075,In to V- Output,0.0008,2.7,6
LTC2052,,3000000,,2,0.000003,,0.000000000075,In to V- Output,0.00085,2.7,6
LTC2052HV,,3000000,,2,0.000003,,0.000000000075,In to V- Output,0.00085,2.7,11
MAX4412,0.0000000000007,,500000000,220,0.009,0.000000013,0.000004,Output,0.0017,2.7,5.5
MAX4413,0.0000000000007,,500000000,220,0.009,0.000000013,0.000004,Output,0.0017,2.7,5.5
MAX4414,0.0000000000006,,400000000,200,0.006,0.00000001,0.000004,Output,0.0016,2.7,5.5
MAX4416,0.0000000000006,,400000000,200,0.006,0.00000001,0.000004,Output,0.0016,2.7,5.5
MAX4417,0.0000000000006,,150000000,470,0.006,0.00000001,0.000004,Output,0.0016,2.7,5.5
MAX4418,0.0000000000006,,400000000,200,0.006,0.00000001,0.000004,Output,0.0016,2.7,5.5
MAX4419,0.0000000000006,,150000000,470,0.006,0.00000001,0.000004,Output,0.0016,2.7,5.5
MAX4480,0.000000000000001,,140000,0.08,0.0055,0.0000001,0.0000000001,Output Only,0.000045,2.5,5.5
MAX4482,0.000000000000001,,140000,0.08,0.0055,0.0000001,0.0000000001,Output Only,0.000045,2.5,5.5
MAX4483,0.000000000000001,,140000,0.08,0.0055,0.0000001,0.0000000001,Output Only,0.000045,2.5,5.5
MAX4484,0.000000000000001,,7000000,20,0.005,0.000000029,0.0000000001,Output Only,0.0019,2.7,5.5
MAX4486,0.000000000000001,,7000000,20,0.007,0.000000029,0.0000000001,Output Only,0.0019,2.7,5.5
MAX4487,0.000000000000001,,7000000,20,0.009,0.000000029,0.0000000001,Output Only,0.0019,2.7,5.5
MAX4493,0.0000000000002,,5000000,3,0.005,0.000000008,0.000001,Output Only,0.00077,4.5,11
OP727,0.00000000000013,700000,,0.2,0.0003,0.000000015,0.00000001,Output,0.00029,3,30
OP747,0.00000000000013,700000,,0.2,0.0003,0.000000015,0.00000001,Output,0.00029,3,30
AD8018,0.00000000001,,130000000,300,0.015,0.0000000045,0.000008,Output,0.009,3.3,8
AD8602,0.00000000000005,8400000,,6,0.0005,0.000000018,0.00000000006,Both,0.00075,2.7,5.5
LT1491A,0.000000000000015,180000,,0.06,0.001,0.00000005,,Both,0.00004,2,44
LT1806,0.0000000000015,325000000,,125,0.00055,0.0000000035,0.000004,Both,0.009,2.5,12.6
MAX4403,0.000000000000001,,800000,1,0.0055,0.000000036,0.0000000001,Output Only,0.00032,2.5,5.5
MAX4430,0.0000000000018,,180000000,100,0.005,0.0000000028,0.00003,In to V-,0.011,9,11
MAX4432,0.0000000000018,,180000000,100,0.005,0.0000000028,0.00003,In to V-,0.011,9,11
LT1395,0.000000000006,,400000000,800,0.012,0.0000000045,,,0.0046,3,12.6
LT1469,0.0000000000006,90000000,,22,0.000125,0.000000005,0.00000004,,0.0041,6,36
LT1490A,0.000000000000015,180000,,0.06,0.0005,0.00000005,0.000000008,Both,0.00004,2,44
LT1677,0.0000000000003,7200000,,2.5,0.00006,0.0000000032,0.00000002,Both,0.00275,2.5,44
LT1809,0.000000000005,160000000,,300,0.0025,0.000000016,0.000008,Both,0.0125,2.5,12.6
LT1881,0.00000000000003,1000000,,0.35,0.00005,0.000000014,0.0000000002,Output,0.00065,2.4,40
LT1882,0.0000000000003,1000000,,0.35,0.00008,0.000000014,0.0000000005,Output,0.00065,2.4,40
LT1884,0.00000000000005,2000000,,0.9,0.00005,0.0000000095,0.0000000004,Output,0.00065,2.4,40
LT1885,0.00000000000005,2000000,,0.9,0.00008,0.0000000095,0.0000000009,Output,0.00065,2.4,40
LTC2051,,3000000,,2,0.000003,,0.000000000075,In to V- Output,0.00085,2.7,6
LTC2051HV,,3000000,,2,0.000003,,0.000000000075,In to V- Output,0.00085,2.7,11
MAX4265,0.000000000001,,400000000,900,0.009,0.000000008,0.00004,,0.028,4.5,8
MAX4292,0.00000000000005,,500000,0.2,0.0025,0.00000007,0.000000055,Both,0.0001,1.8,5.5
MAX4294,0.00000000000005,,500000,0.2,0.0025,0.00000007,0.000000055,Both,0.0001,1.8,5.5
MAX4321,0.0000000000004,,5000000,2,0.0035,0.000000022,0.00000015,Both,0.00065,2.4,6.5
MAX4402,0.000000000000001,,800000,1,0.0055,0.000000036,0.0000000001,Output Only,0.00032,2.5,5.5
OP777,0.00000000000013,700000,,0.2,0.0002,0.000000015,0.00000001,Output,0.00035,3,30
AD8024,0.000000000008,,200000000,390,0.005,0.000000003,0.0000075,,0.017,5,24
LT1397,0.000000000006,,400000000,800,0.012,0.0000000045,,,0.0046,3,12.6
LT1784,0.0000000000003,2500000,,2.1,0.0035,0.000000025,0.0000005,Both,0.0005,2,18
LT1807,0.0000000000015,325000000,,125,0.00055,0.0000000035,0.000004,Both,0.009,2.5,12.6
LT1810,0.000000000005,160000000,,300,0.0025,0.000000016,0.000008,Both,0.0125,2.3,12.6
MAX4291,0.00000000000005,,500000,0.2,0.0025,0.00000007,0.000000055,Both,0.0001,1.8,5.5
MAX4400,0.000000000000001,,800000,1,0.0045,0.000000036,0.0000000001,Output Only,0.00032,2.5,5.5
MAX4401,0.000000000000001,,800000,1,0.0045,0.000000036,0.0000000001,Output Only,0.00032,2.5,5.5
MAX4451,0.0000000000018,,210000000,485,0.026,0.00000001,0.00002,Output,0.0065,4.5,11
MAX4491,0.000000000000001,,10000000,10,0.01,0.000000012,0.0000000025,Both,0.0008,2.7,5.5
MAX4492,0.000000000000001,,10000000,10,0.01,0.000000012,0.0000000025,Both,0.0008,2.7,5.5
AD8022,0.0000000000012,100000000,130000000,50,0.006,0.0000000025,0.000005,,0.004,4.5,26
AD8061,0.0000000000012,90000000,320000000,650,0.006,0.0000000085,0.000009,In to V- Output,0.0095,2.7,8
AD8062,0.0000000000012,90000000,320000000,650,0.006,0.0000000085,0.000009,In to V- Output,0.0095,2.7,8
AD8063,0.0000000000012,90000000,320000000,650,0.006,0.0000000085,0.000009,In to V- Output,0.0095,2.7,8
AD8551,0.000000000000002,1500000,,0.4,0.000005,0.000000042,0.00000000005,Both,0.000975,2.7,5
AD8552,0.000000000000002,1500000,,0.4,0.000005,0.000000042,0.00000000005,Both,0.000975,2.7,5
AD8554,0.000000000000002,1500000,,0.4,0.000005,0.000000042,0.00000000005,Both,0.000975,2.7,5
AD8571,0.000000000000002,1500000,,0.4,0.000005,0.000000051,0.00000000005,Both,0.000975,2.7,5.5
AD8572,0.000000000000002,1500000,,0.4,0.000005,0.000000051,0.00000000005,Both,0.000975,2.7,5.5
AD8574,0.000000000000002,1500000,,0.4,0.000005,0.000000051,0.00000000005,Both,0.000975,2.7,5.5
AD8614,0.000000000001,5500000,,7.5,0.0025,0.000000011,0.0000004,Both,0.0011,4.5,18.5
AD8644,0.000000000001,5500000,,7.5,0.0025,0.000000012,0.0000004,Both,0.0011,5,18.5
LT1396,0.000000000006,,400000000,800,0.012,0.0000000045,,,0.0046,3,12.6
LT1637,0.00000000000008,1000000,,0.35,0.00035,0.000000027,0.00000005,Both,0.00019,2.7,44
LT1782,0.00000000000005,200000,,0.07,0.0008,0.00000005,0.000000015,Both,0.00004,2.2,18
LT1783,0.00000000000014,1250000,,0.42,0.0008,0.00000002,0.00000008,Both,0.00021,2.2,18
LT1886,0.000000000002,700000000,,200,0.004,0.000000006,0.000004,,0.007,4,13.2
MAX4076,0.0000000000000011,,230000,0.09,0.0035,0.00000011,0.0000000002,Output Only,0.000045,2.5,5.5
MAX4077,0.0000000000000011,,230000,0.09,0.0035,0.00000011,0.0000000002,Output Only,0.000045,2.5,5.5
MAX4078,0.0000000000000011,,230000,0.09,0.0035,0.00000011,0.0000000002,Output Only,0.000045,2.5,5.5
AD8016,0.000000000018,,380000000,1000,0.003,0.0000000026,0.000075,,0.0125,6,26
LT1792,0.00000000000001,5600000,,3.4,0.0006,0.0000000042,0.0000000008,,0.0042,10,40
LT1793,0.0000000000000008,4200000,,3.4,0.0008,0.000000006,0.00000000001,,0.0042,10,40
LT1795,0.000000000002,,65000000,900,0.013,0.0000000036,,,0.029,10,36
LT1813,0.000000000001,100000000,,750,0.0015,0.000000008,0.000004,,0.003,2.5,12.6
LT1813HV,0.000000000001,100000000,,750,0.0015,0.000000008,0.000004,,0.003,2.5,13.5
MAX406,,,4000,0.005,0.0005,0.00000015,0.00000000001,Output Only,0.000001,2.5,10
MAX407,,,8000,0.005,0.003,0.00000015,0.00000000001,Output Only,0.000001,2.5,10
MAX409,,,150000,0.08,0.0005,0.00000015,0.00000000001,Output Only,0.000001,2.5,10
MAX410,0.0000000000012,,28000000,4.5,0.00025,0.0000000015,0.00000015,,0.0025,2.4,10.5
MAX412,0.0000000000012,,28000000,4.5,0.00025,0.0000000015,0.00000015,,0.0025,2.4,10.5
MAX417,,,150000,0.08,0.003,0.00000015,0.00000000001,Output Only,0.000001,2.5,10
MAX4450,0.0000000000018,,210000000,485,0.026,0.00000001,0.00002,Output,0.0065,4.5,11
MAX4490,0.000000000000001,,10000000,10,0.01,0.000000012,0.0000000025,Both,0.0008,2.7,5.5
MAX492,0.0000000000001,,500000,0.2,0.0005,0.000000025,0.00000006,Both,0.00015,2.7,6
MAX494,0.0000000000001,,500000,0.2,0.0005,0.000000025,0.00000006,Both,0.00015,2.7,6
RH1498M,,10000000,,6,0.0008,0.000000012,0.00000025,Both,0.0018,4.5,36
RH1499M,,10000000,,6,0.0008,0.000000012,0.00000025,Both,0.0018,4.5,36
AD8529,0.0000000000004,8000000,,2.9,0.001,0.00000001,0.0000003,In to V- Output,0.0012,2.7,12
AD8591,0.00000000000005,3000000,,5,0.025,0.00000003,0.00000000005,Both,0.00125,2.5,6
LT1398,0.000000000006,,300000000,800,0.012,0.0000000045,,,0.0046,3,12.6
LT1812,0.000000000001,100000000,,750,0.0015,0.000000008,0.000004,,0.003,2.5,12.6
MAX4281,0.000000000000004,,2000000,0.7,0.002,0.00000009,0.00000001,Output Only,0.0003,2.5,5.5
MAX4282,0.000000000000004,,2000000,0.7,0.002,0.00000009,0.00000001,Output Only,0.0003,2.5,5.5
AD8014,0.000000000005,,480000000,4600,0.005,0.0000000035,0.000015,,0.00115,4.5,12
AD8017,0.000000000023,,160000000,1600,0.003,0.0000000019,0.000045,,0.007,4.4,12
AD8519,0.0000000000004,8000000,,2.9,0.001,0.00000001,0.0000003,In to V- Output,0.0012,2.7,12
AD8541,0.0000000000001,1000000,,0.92,0.006,0.000000038,0.00000000006,Both,0.000065,2.5,5
AD8542,0.0000000000001,1000000,,0.92,0.006,0.000000038,0.00000000006,Both,0.000065,2.5,5
AD8544,0.0000000000001,1000000,,0.92,0.006,0.000000038,0.00000000006,Both,0.000065,2.5,5
AD8592,0.00000000000005,3000000,,5,0.025,0.00000003,0.00000000005,Both,0.00125,2.5,6
LT1468,0.0000000000006,90000000,,22,0.000075,0.000000005,0.00000004,,0.0036,6,36
AD8057,0.0000000000007,100000000,325000000,1150,0.005,0.000000007,0.0000025,,0.0075,3,12
AD8058,0.0000000000007,100000000,325000000,1150,0.005,0.000000007,0.0000025,,0.0075,3,12
LT1636,0.000000000000035,200000,,0.07,0.000225,0.000000052,0.000000008,Both,0.000042,2.6,44
LT1638,0.0000000000003,1200000,,0.38,0.0007,0.00000002,0.00000005,Both,0.00017,2.5,44
LT1639,0.0000000000003,1075000,,0.38,0.0006,0.00000002,,Both,0.00017,2.5,44
LTC1542,,12000,,8,0.0007,,0.000000001,In to V- Output,0.000005,2.5,12.6
MAX4040,0.00000000000005,,90000,0.04,0.0015,0.00000007,0.00000001,Both,0.000012,2.4,5.5
MAX4041,0.00000000000005,,90000,0.04,0.0015,0.00000007,0.00000001,Both,0.000012,2.4,5.5
MAX4042,0.00000000000005,,90000,0.04,0.0015,0.00000007,0.00000001,Both,0.000012,2.4,5.5
MAX4043,0.00000000000005,,90000,0.04,0.0015,0.00000007,0.00000001,Both,0.000012,2.4,5.5
MAX4322,0.0000000000004,,5000000,2,0.0025,0.000000022,0.00000015,Both,0.00073,2.4,6.5
MAX4323,0.0000000000004,,5000000,2,0.0025,0.000000022,0.00000015,Both,0.00073,2.4,6.5
MAX4326,0.0000000000004,,5000000,2,0.0025,0.000000022,0.00000015,Both,0.00073,2.4,6.5
MAX4327,0.0000000000004,,5000000,2,0.002,0.000000022,0.00000015,Both,0.00073,2.4,6.5
LT1630,0.0000000000009,30000000,,9.2,0.000525,0.000000006,0.000001,Both,0.0035,2.6,36
LT1631,0.0000000000009,30000000,,9.2,0.000525,0.000000006,0.000001,Both,0.0035,2.6,36
LT1632,0.0000000000016,45000000,,27,0.00135,0.000000012,0.0000022,Both,0.0043,2.6,36
LT1633,0.0000000000016,45000000,,27,0.00135,0.000000012,0.0000022,Both,0.0043,2.6,36
MAX4240,0.00000000000005,,90000,0.04,0.0014,0.00000007,0.000000006,Both,0.000014,1.8,5.5
MAX4241,0.00000000000005,,90000,0.04,0.00075,0.00000007,0.000000006,Both,0.000014,1.8,5.5
MAX4242,0.00000000000005,,90000,0.04,0.00088,0.00000007,0.000000006,Both,0.000014,1.8,5.5
MAX4243,0.00000000000005,,90000,0.04,0.00088,0.00000007,0.000000006,Both,0.000014,1.8,5.5
MAX4252,0.0000000000000005,,3000000,0.3,0.00075,0.0000000089,0.0000000001,Output Only,0.00042,2.4,5.5
MAX4253,0.0000000000000005,,3000000,0.3,0.00075,0.0000000089,0.0000000001,Output Only,0.00042,2.4,5.5
LT1399,0.000000000006,,300000000,800,0.012,0.0000000045,,,0.0046,3,12.6
LT1399HV,0.000000000006,,300000000,800,0.012,0.0000000045,,,0.0046,3,15.5
MAX4104,0.0000000000032,,625000000,400,0.006,0.0000000021,0.00007,,0.02,7,11
MAX4105,0.0000000000032,,410000000,1400,0.006,0.0000000021,0.00007,,0.02,7,11
MAX4249,0.0000000000000005,,22000000,2.1,0.00075,0.0000000089,0.0000000001,Output Only,0.00042,2.4,5.5
MAX4257,0.0000000000000005,,22000000,2.1,0.00075,0.0000000089,0.0000000001,Output Only,0.00042,2.4,5.5
MAX4304,0.0000000000032,,740000000,1000,0.006,0.0000000021,0.00007,,0.02,7,11
MAX4305,0.0000000000032,,340000000,1400,0.006,0.0000000021,0.00007,,0.02,7,11
AD8010,0.00000000002,,230000000,800,0.012,0.000000002,0.000135,,0.0155,9,12
AD8012,0.000000000015,,350000000,2250,0.004,0.0000000025,0.000012,,0.0017,3,12
AD8051,0.0000000000009,80000000,110000000,170,0.01,0.000000016,0.0000025,In to V- Output,0.0048,3,12
AD8052,0.0000000000009,80000000,110000000,170,0.01,0.000000016,0.0000025,In to V- Output,0.0048,3,12
AD8054,0.00000000000085,90000000,160000000,145,0.012,0.000000016,0.0000045,In to V- Output,0.0034,3,12
AD825,0.00000000000001,26000000,46000000,140,0.002,0.000000012,0.00000000004,,0.0065,10,36
LTC1541,,12000,,,0.0007,,0.000000001,In to V- Output,0.000005,2.5,12.6
MAX4250,0.0000000000000005,,3000000,0.3,0.00075,0.0000000089,0.0000000001,Output Only,0.00042,2.4,5.5
MAX4251,0.0000000000000005,,3000000,0.3,0.00075,0.0000000089,0.0000000001,Output Only,0.00042,2.4,5.5
MAX4255,0.0000000000000005,,22000000,2.1,0.00075,0.0000000089,0.0000000001,Output Only,0.00042,2.4,5.5
MAX4256,0.0000000000000005,,22000000,2.1,0.00075,0.0000000089,0.0000000001,Output Only,0.00042,2.4,5.5
AD8023,0.000000000014,,125000000,1200,0.005,0.000000002,0.000045,,0.0062,4.2,15
AD8055,0.000000000001,300000000,300000000,1400,0.005,0.000000006,0.0000012,,0.0065,8,12
AD8056,0.000000000001,300000000,300000000,1400,0.005,0.000000006,0.0000012,,0.006,8,12
LT1497,0.000000000002,,59000000,900,0.015,0.000000003,,,0.006,4,36
MAX4012,0.0000000000013,,200000000,600,0.02,0.00000001,0.00002,Output,0.0055,3.15,11
MAX4016,0.0000000000013,,150000000,600,0.02,0.00000001,0.00002,Output,0.0055,3.15,11
MAX4018,0.0000000000013,,150000000,600,0.02,0.00000001,0.00002,Output,0.0055,3.15,11
MAX4020,0.0000000000013,,150000000,600,0.02,0.00000001,0.00002,Output,0.0055,3.15,11
MAX4225,0.000000000003,,1000000000,1100,0.005,0.000000002,0.00001,,0.006,5.7,11
MAX4226,0.000000000003,,1000000000,1100,0.005,0.000000002,0.00001,,0.006,5.7,11
MAX4228,0.000000000003,,600000000,1700,0.005,0.000000002,0.00001,,0.006,5.7,11
LT1219L,0.00000000000009,150000,,0.05,0.00009,0.000000033,0.00000007,Both,0.00037,2,16
LT1467L,0.00000000000005,120000,,0.04,0.00039,0.000000045,0.000000014,Both,0.00006,2,16
LT1492,0.00000000000014,4500000,,1.8,0.00018,0.0000000165,0.0000001,In to V-,0.000425,2.1,36
LT1493,0.00000000000014,4500000,,1.8,0.00013,0.0000000165,0.0000001,In to V-,0.000425,2.1,36
LT1496,0.00000000000001,2700,,0.001,0.000375,0.000000185,0.000000001,Both,0.000001,2.1,36
LT1635,0.00000000000005,175000,,0.045,0.0013,0.00000005,0.0000000045,In to V- Output,0.00013,1.1,14
MAX4162,,,200000,0.115,0.003,0.00000008,0.0000000001,Both,0.000025,2.5,10
MAX4163,,,200000,0.115,0.004,0.00000008,0.0000000001,Both,0.000025,2.5,10
MAX4165,0.0000000000004,,5000000,2,0.00085,0.000000026,0.00000015,Both,0.0013,2.7,6.5
MAX4166,0.0000000000004,,5000000,2,0.00085,0.000000026,0.00000015,Both,0.0013,2.7,6.5
MAX4167,0.0000000000004,,5000000,2,0.00085,0.000000026,0.00000015,Both,0.0013,2.7,6.5
MAX4168,0.0000000000004,,5000000,2,0.00085,0.000000026,0.00000015,Both,0.0013,2.7,6.5
MAX4223,0.000000000003,,1000000000,1100,0.004,0.000000002,0.00001,,0.006,5.7,11
MAX4224,0.000000000003,,600000000,1700,0.004,0.000000002,0.00001,,0.006,5.7,11
MAX4330,0.00000000000026,,3000000,1.5,0.0007,0.000000028,0.000000065,Both,0.000245,2.4,6.5
MAX4331,0.00000000000026,,3000000,1.5,0.0007,0.000000028,0.000000065,Both,0.000245,2.4,6.5
MAX4332,0.00000000000026,,3000000,1.5,0.001,0.000000028,0.000000065,Both,0.000245,2.4,6.5
MAX4333,0.00000000000026,,3000000,1.5,0.001,0.000000028,0.000000065,Both,0.000245,2.4,6.5
LT1218L,0.00000000000009,300000,,0.1,0.00009,0.000000033,0.00000007,Both,0.00037,2,16
LT1466L,0.00000000000005,120000,,0.04,0.00039,0.000000045,0.000000014,Both,0.00006,2,16
LT1495,0.00000000000001,2700,,0.001,0.000375,0.000000185,0.000000001,Both,0.000001,2.1,36
MAX4212,0.0000000000013,,300000000,600,0.012,0.00000001,0.00002,Output,0.0055,3.15,11
MAX4213,0.0000000000013,,300000000,600,0.012,0.00000001,0.00002,Output,0.0055,3.15,11
MAX4216,0.0000000000013,,200000000,600,0.012,0.00000001,0.00002,Output,0.0055,3.15,11
MAX4218,0.0000000000013,,200000000,600,0.012,0.00000001,0.00002,Output,0.0055,3.15,11
MAX4220,0.0000000000013,,200000000,600,0.012,0.00000001,0.00002,Output,0.0055,3.15,11
OP481,0.000000000000999,105000,,0.028,0.0015,0.000000085,0.00000001,Output,0.000005,2.7,12
AD8005,0.0000000000091,,270000000,1500,0.03,0.000000004,0.00001,,0.0004,8,12
AD8009,0.000000000046,,1000000000,5500,0.005,0.0000000019,0.00015,,0.014,5,12
AD8079,0.000000000002,260000000,260000000,800,0.015,0.000000002,0.000006,,0.01,6,12
AD8531,0.00000000000005,3000000,,5,0.025,0.00000003,0.00000000005,Both,0.00125,3,6
LT1369,0.00000000000007,160000,,0.065,0.0008,0.000000029,0.000000035,Both,0.00034,2,36
LT1462,0.0000000000000005,175000,,0.13,0.0008,0.000000076,0.000000000002,,0.000028,10,40
LT2078,0.00000000000002,200000,,0.07,0.00007,0.000000028,0.000000008,In to V-,0.000035,2.3,44
LT2079,0.00000000000002,200000,,0.07,0.00011,0.000000028,0.000000008,In to V-,0.000035,2.3,44
LT2178,0.00000000000001,60000,,0.025,0.00007,0.000000049,0.000000005,In to V-,0.000013,2.2,44
MAX4122,0.0000000000004,,5000000,2,0.0015,0.000000022,0.00000015,Both,0.000725,2.7,6.5
MAX4123,0.0000000000004,,5000000,2,0.0006,0.000000022,0.00000015,Both,0.000725,2.7,6.5
MAX4124,0.0000000000004,,25000000,10,0.0015,0.000000022,0.00000015,Both,0.000725,2.7,6.5
MAX4125,0.0000000000004,,25000000,10,0.0006,0.000000022,0.00000015,Both,0.000725,2.7,6.5
MAX4126,0.0000000000004,,5000000,2,0.00075,0.000000022,0.00000015,Both,0.000725,2.7,6.5
MAX4128,0.0000000000004,,25000000,10,0.00075,0.000000022,0.00000015,Both,0.000725,2.7,6.5
MAX4130,0.0000000000004,,10000000,4,0.0015,0.000000022,0.00000015,Both,0.001,2.7,6.5
MAX4131,0.0000000000004,,10000000,4,0.0006,0.000000022,0.00000015,Both,0.001,2.7,6.5
MAX4132,0.0000000000004,,10000000,4,0.00075,0.000000022,0.00000015,Both,0.001,2.7,6.5
OP162,0.0000000000004,15000000,,13,0.000325,0.0000000095,0.0000005,In to V- Output,0.0006,2.7,12
OP184,0.0000000000004,4250000,,4,0.0001,0.0000000039,0.00000045,Both,0.002,3,36
OP262,0.0000000000004,15000000,,13,0.000325,0.0000000095,0.0000005,In to V- Output,0.000775,2.7,12
OP281,0.000000000000999,105000,,0.028,0.0015,0.000000075,0.00000001,Output,0.000005,2.7,12
AD8031,0.0000000000024,50000000,80000000,35,0.0015,0.000000015,0.000002,Both,0.0009,2.7,12
AD8032,0.0000000000024,50000000,80000000,35,0.0015,0.000000015,0.000002,Both,0.0009,2.7,12
AD8072,0.000000000006,,100000000,500,0.006,0.000000003,0.000012,,0.003,5,12
AD8073,0.000000000006,,100000000,500,0.006,0.000000003,0.000012,,0.003,5,12
AD8534,0.00000000000005,3000000,,5,0.025,0.00000003,0.00000000005,Both,0.00125,3,6
LT1210,0.000000000002,,66000000,900,0.015,0.000000003,,,0.035,8,36
LT1351,0.0000000000005,3000000,,200,0.0006,0.000000014,0.00000005,,0.00025,5,36
LT1463,0.0000000000000005,175000,,0.13,0.0008,0.000000076,0.000000000002,,0.000028,10,40
LT1465,0.0000000000000004,1000000,,0.9,0.0008,0.000000024,0.000000000002,,0.000145,10,40
OP196,0.00000000000019,450000,,0.3,0.0003,0.000000026,0.00000005,Both,0.00006,3,12
OP462,0.0000000000004,15000000,,13,0.000325,0.0000000095,0.0000005,In to V- Output,0.000775,2.7,12
AD8532,0.00000000000005,3000000,,5,0.025,0.00000003,0.00000000005,Both,0.00125,3,6
LT1353,0.0000000000005,3000000,,200,0.0006,0.000000014,0.00000005,,0.00025,5,36
LT1464,0.0000000000000004,1000000,,0.9,0.0008,0.000000024,0.000000000002,,0.000145,10,40
LT1207,0.000000000002,,66000000,900,0.01,0.0000000036,,,0.02,10,36
LT1352,0.0000000000005,3000000,,200,0.0006,0.000000014,0.00000005,,0.00025,5,36
LT1498,0.0000000000003,10500000,,4.5,0.000475,0.000000012,0.00000065,Both,0.0017,2.2,36
LT1499,0.0000000000003,10500000,,4.5,0.000475,0.000000012,0.00000065,Both,0.0017,2.2,36
LT2179,0.00000000000001,60000,,0.025,0.0001,0.000000049,0.000000005,In to V-,0.000013,2.2,44
AD8004,0.000000000038,,250000000,3000,0.0035,0.0000000015,0.00011,,0.014,4,12
AD8013,0.000000000012,,140000000,1000,0.005,0.0000000035,0.000015,,0.0035,4.2,13
AD8042,0.0000000000007,90000000,170000000,225,0.0098,0.000000015,0.0000032,Output,0.006,3,12
AD8044,0.0000000000009,90000000,160000000,190,0.0065,0.000000016,0.0000045,In to V- Output,0.002875,3,12
OP296,0.00000000000019,450000,,0.3,0.0003,0.000000026,0.00000005,Both,0.00006,3,12
AD8041,0.0000000000006,160000000,170000000,170,0.007,0.000000016,0.0000032,In to V- Output,0.0058,3,12
AD8041S,,160000000,,,0.0095,,0.0000034,In to V- Output,,3,12
AD823,0.000000000000001,10000000,16000000,25,0.0035,0.000000016,0.00000000003,In to V- Output,0.0052,3,36
LT1367,0.00000000000007,400000,,0.13,0.0008,0.000000029,0.000000035,Both,0.00034,2,36
LT1368,0.00000000000007,160000,,0.065,0.000475,0.000000029,0.000000035,Both,0.00034,2,36
OP484,0.0000000000004,4250000,,4,0.0001,0.0000000039,0.00000045,Both,,3,36
OP484S,,,,,0.0002,,0.00000035,Both,,3,36
OP496,0.00000000000019,450000,,0.3,0.0003,0.000000026,0.00000005,Both,0.00006,3,12
AD8002,0.000000000002,,600000000,1200,0.006,0.000000002,0.000025,,0.01,6,12
AD8011,0.000000000005,,400000000,1100,0.005,0.000000002,0.000015,,0.001,3,12
OP284,0.0000000000004,4250000,,4,0.0001,0.0000000039,0.00000045,Both,0.002,2,36
OP293,0.00000000000005,35000,,0.015,0.00025,0.000000065,0.00000002,In to V-,0.00003,1.7,36
AD8047,0.000000000001,110000000,250000000,750,0.003,0.0000000052,0.0000035,,0.0058,6,12
AD8048,0.000000000001,120000000,260000000,1000,0.003,0.0000000038,0.0000035,,0.0059,6,12
AD824,0.0000000000000011,2000000,,2,0.0025,0.000000016,0.000000000035,In to V- Output,0.00056,2.7,30
OP193,0.00000000000005,35000,,0.015,0.00015,0.000000065,0.000000015,In to V-,0.00003,1.7,36
AD8036,0.0000000000022,110000000,240000000,1200,0.007,0.0000000067,0.00001,,0.0205,6,12
AD8037,0.0000000000021,140000000,270000000,1500,0.007,0.0000000045,0.000009,,0.0185,6,12
LT1354,0.0000000000006,12000000,,400,0.0008,0.00000001,0.0000003,,0.001,5,36
LT1357,0.0000000000008,25000000,,600,0.0006,0.000000008,0.0000005,,0.002,5,36
OP191,0.0000000000008,3000000,,0.5,0.0005,0.000000042,0.000000065,Both,0.00042,2.7,12
OP279,0.000000000001,5000000,,3,0.004,0.000000022,0.0000003,Both,0.0035,4.5,12
AD9631,0.0000000000025,110000000,320000000,1300,0.01,0.000000007,0.000007,,0.017,6,12
AD9632,0.000000000002,130000000,250000000,1500,0.005,0.0000000043,0.000007,,0.016,6,12
LT1169,0.000000000000001,5300000,,4.2,0.002,0.000000006,0.00000000002,,0.0053,9,40
LT1361,0.0000000000009,50000000,,800,0.001,0.000000009,0.000001,,0.0038,5,36
LT1362,0.0000000000009,50000000,,800,0.001,0.000000009,0.000001,,0.0038,5,36
LT1364,0.000000000001,70000000,,1000,0.0015,0.000000009,0.000001,,0.006,3,36
LT1365,0.000000000001,70000000,,1000,0.0015,0.000000009,0.000002,,0.006,3,36
AD8001,0.000000000018,,880000000,1200,0.0055,0.000000002,0.000025,,0.005,6,12
AD8001S,,,880000000,,0.0055,,0.000025,,,6,12
LT1251,0.0000000000015,,40000000,300,0.005,0.0000000027,0.00003,,0.0135,5,36
LT1256,0.0000000000015,,40000000,300,0.005,0.0000000027,,,0.0135,5,36
LT1457,0.0000000000000015,1000000,,4,0.00045,0.000000013,0.0000000005,,0.0018,9,40
LTC1152,0.0000000000006,700000,,0.5,0.00001,0.0000001,0.0000000001,Both,0.0022,3,14
OP291,0.0000000000008,3000000,,0.5,0.0007,0.000000035,0.000000065,Both,0.00042,2.7,12
OP491,0.0000000000008,3000000,,0.5,0.0007,0.000000042,0.000000065,Both,0.0002,2.7,12
LT1203,,150000000,,300,0.03,,0.000005,,0.01,9,36
LT1205,,150000000,,300,0.03,,0.000005,,0.01,9,36
LT1366,0.00000000000007,400000,,0.13,0.000475,0.000000029,0.000000035,Both,0.00034,2,36
AD812,0.0000000000015,,145000000,250,0.005,0.0000000035,0.000025,,0.0045,2.4,36
AD813,0.0000000000015,,100000000,450,0.005,0.0000000035,0.00003,,,2.4,36
LT1113,0.00000000000001,5600000,,3.9,0.0015,0.0000000045,0.00000000045,,0.0053,9,40
LT1204,0.0000000000015,,95000000,1000,0.014,0.000000007,,,0.019,9,36
LT1259,0.0000000000013,,130000000,1600,0.012,0.0000000036,,,0.005,4,36
LT1260,0.0000000000013,,130000000,1600,0.012,0.0000000036,,,0.005,4,36
LT1355,0.0000000000006,12000000,,400,0.0008,0.00000001,0.0000003,,0.001,5,36
LT1356,0.0000000000006,12000000,,400,0.0008,0.00000001,0.0000003,,0.001,5,36
LT1358,0.0000000000008,25000000,,600,0.0006,0.000000008,0.0000005,,0.002,5,36
LT1359,0.0000000000008,25000000,,600,0.0006,0.000000008,0.0000005,,0.002,5,36
LT1360,0.0000000000009,50000000,,800,0.001,0.000000009,0.000001,,0.0038,3,36
LT1363,0.000000000001,70000000,,1000,0.0015,0.000000009,0.000002,,0.0063,3,36
LT1413,0.00000000000002,950000,,0.3,0.00015,0.000000023,,In to V-,0.00033,3,22
OP292,0.0000000000007,4000000,,4,0.002,0.000000015,0.0000007,In to V-,0.001,4.5,33
OP492,0.0000000000007,4000000,,4,0.0025,0.000000015,0.0000007,In to V-,0.001,4.5,33
AD822,0.0000000000000008,1800000,180000,3,0.0015,0.000000013,0.000000000012,In to V- Output,0.0009,5,30
AD826,0.0000000000015,50000000,50000000,350,0.002,0.000000015,0.0000066,,0.0066,5,36
AD828,0.0000000000015,100000000,130000000,450,0.002,0.00000001,0.0000066,,0.0075,5,36
LT1206,0.000000000002,,66000000,900,0.01,0.0000000036,,,0.02,10,36
OP113,0.0000000000004,3400000,,1.2,0.000075,0.0000000047,0.0000006,In to V-,0.003,4,36
OP413,0.0000000000004,3400000,,1.2,0.000125,0.0000000047,0.0000006,In to V-,0.003,4,36
OP495,0.0000000000001,85000,,0.03,0.0005,0.000000045,0.00000002,Output,0.000175,3,36
AD820,0.0000000000000008,1800000,,3,0.001,0.000000013,0.00000000001,In to V- Output,0.0009,5,30
LT1208,0.0000000000011,45000000,,400,0.003,0.000000022,0.000008,,0.007,8,36
LT1209,0.0000000000011,45000000,,400,0.003,0.000000022,0.000008,,0.007,8,36
LT1212,0.0000000000002,13000000,,7,0.000275,0.000000012,0.000000125,In to V-,0.0013,2.5,36
LT1214,0.0000000000002,28000000,,8.5,0.000275,0.00000001,0.0000002,In to V-,0.0027,2.5,36
LT1216,0.0000000000005,23000000,,30,0.00045,0.000000012,0.0000006,In to V-,0.00475,2.5,36
LT1252,0.0000000000015,,250000000,250,0.015,0.000000003,,,0.0085,4,28
LT1253,0.0000000000015,,250000000,250,0.015,0.000000003,,,0.006,4,28
LT1254,0.0000000000015,250000000,,250,0.015,0.000000003,,,0.006,4,28
SSM2135,0.0000000000005,3500000,,0.9,0.002,0.0000000052,0.00000075,In to V-,0.0038,4,36
LT1195,0.000000000002,50000000,,165,0.008,0.00000007,0.000002,,0.012,4,18
LT1211,0.0000000000002,13000000,,7,0.00015,0.000000012,0.0000001,In to V-,0.0013,2.5,36
LT1211MJ8,0.0000000000002,13000000,,7,0.00015,0.000000012,0.0000001,,0.0013,2.5,36
LT1213,0.0000000000002,28000000,,8.5,0.00015,0.00000001,0.00000016,In to V-,0.0027,2.5,36
LT1213MJ8,0.0000000000002,28000000,,8.5,0.00015,0.00000001,0.00000016,,0.0027,2.5,36
LT1215,0.0000000000005,23000000,,30,0.0003,0.000000012,0.0000005,In to V-,0.00475,2.5,36
OP467,0.0000000000008,28000000,,170,0.0005,0.000000006,0.0000006,,0.008,9,36
OP467S,,,,,0.0005,,0.0000006,,,9,36
AD795,0.0000000000000006,1600000,1600000,1,0.0005,0.000000009,0.000000000002,,0.0015,8,36
AD810,0.0000000000015,,80000000,1000,0.006,0.0000000029,0.00001,,0.0068,5,36
AD817,0.0000000000015,50000000,50000000,350,0.002,0.000000015,0.0000066,,0.007,5,36
AD818,0.0000000000015,100000000,130000000,500,0.002,0.00000001,0.0000066,,0.007,5,36
LT1112,0.000000000000008,750000,,0.3,0.00006,0.000000014,0.00000000025,,0.00035,2,40
LT1114,0.000000000000008,750000,,0.3,0.00006,0.000000014,0.00000000025,,0.00035,2,40
LT1128,0.000000000001,20000000,,6,0.00004,0.00000000085,0.00000009,,0.0074,8,44
LTC1250,0.000000000000004,1500000,,10,0.00001,0.000000015,0.0000000002,,0.003,4.75,18
OP213,0.0000000000004,3400000,,1.2,0.0001,0.0000000047,0.0000006,In to V-,0.003,4,36
AD797,0.000000000002,110000000,8000000,20,0.00004,0.0000000009,0.0000009,,0.0105,10,36
LT1217,0.0000000000007,,10000000,500,0.003,0.0000000065,,,0.001,10,36
OP285,0.0000000000009,9000000,,22,0.00025,0.000000006,0.00000035,,0.0025,9,44
OP295,0.0000000000001,85000,,0.03,0.0005,0.000000045,0.00000002,Output,0.000175,3,36
LT1225,0.0000000000015,150000000,,400,0.001,0.0000000075,0.000008,,0.007,5,36
LT1226,0.0000000000015,1000000000,,400,0.001,0.0000000026,0.000008,,0.007,5,36
LT1227,0.0000000000017,,140000000,1100,0.01,0.0000000032,,,0.01,4,36
LT1227MJ8,0.0000000000017,,,1100,0.01,0.0000000032,,,0.01,4,36
LTC1047,0.0000000000000015,200000,,0.2,0.00001,,0.00000000003,In to V- Output,0.00006,4.75,16
OP275,0.0000000000015,9000000,,22,0.001,0.000000006,0.00000035,,0.0025,9,44
LT1187,0.0000000000015,50000000,,165,0.01,0.000000065,0.000002,,0.013,4,18
LT1189,0.00000000000125,180000000,,220,0.003,0.00000003,0.000002,,0.013,4,18
LTC1151,0.0000000000000022,2000000,,2.5,0.000005,0.000000055,0.0000000001,In to V-,0.0009,4.75,36
AD811,0.00000000002,,140000000,400,0.003,0.0000000019,0.000005,,0.0145,9,36
LT1124,0.0000000000003,12500000,,4.5,0.00007,0.0000000027,0.00000002,,0.0023,8,44
LT1125,0.0000000000003,12500000,,4.5,0.00009,0.0000000027,0.00000002,,0.0023,8,44
LT1126,0.0000000000003,65000000,,11,0.00007,0.0000000027,0.00000002,,0.0026,8,44
LT1127,0.0000000000003,65000000,,11,0.00009,0.0000000027,0.00000002,,0.0026,8,44
LT1228,0.0000000000014,,100000000,500,0.005,0.00000002,0.000001,,0.009,4,36
LT1229,0.0000000000014,,100000000,700,0.01,0.0000000032,,,0.006,4,36
LT1230,0.0000000000014,,100000000,700,0.01,0.0000000032,,,0.006,4,36
OP282,0.00000000000001,4000000,,9,0.003,0.000000036,0.0000000001,In to V+,0.00021,9,36
OP482,0.00000000000001,4000000,,9,0.004,0.000000036,0.0000000001,In to V+,0.00021,9,36
RH1013M,,800000,,0.2,0.0003,0.000000024,0.00000003,In to V-,,4,44
RH1014M,0.00000000000007,500000,,0.2,0.0003,0.000000024,0.00000003,,0.00055,4,44
LT1220,0.000000000002,45000000,,250,0.001,0.000000017,0.0000003,,0.008,5,36
LT1221,0.000000000002,150000000,,250,0.001,0.000000006,0.0000003,,0.008,5,36
LT1222,0.000000000002,500000000,,200,0.0003,0.000000003,0.0000003,,0.008,5,36
LT1223,0.0000000000022,,100000000,1000,0.003,0.000000033,,,0.006,5,36
OP497,0.00000000000002,500000,,0.15,0.000075,0.000000015,0.00000000015,,0.000625,4,40
AD745,0.0000000000000069,20000000,,12.5,0.0005,0.0000000029,0.00000000025,,0.01,9.6,36
LT1190,0.000000000004,50000000,,450,0.01,0.00000005,0.0000025,,0.032,4,18
LT1191,0.000000000004,90000000,,450,0.005,0.000000025,0.0000025,,0.032,4,18
LT1192,0.000000000004,350000000,,450,0.0025,0.000000009,0.0000025,,0.032,4,18
LT1193,0.000000000004,80000000,,500,0.012,0.00000005,0.0000035,,0.035,4,18
LT1194,0.000000000004,350000000,,500,0.006,0.000000015,0.0000035,,0.035,4,18
LT1224,0.0000000000015,45000000,,400,0.002,0.000000022,0.000008,,0.007,5,36
AD704,0.00000000000005,800000,,0.15,0.00015,0.000000015,0.00000000027,,0.0006,4,36
AD706,0.00000000000005,800000,,0.15,0.0001,0.000000015,0.0000000002,,0.0006,4,36
AD743,0.0000000000000069,4500000,,2.8,0.001,0.0000000029,0.0000000004,,0.01,9.6,36
AD829,0.0000000000015,750000000,120000000,230,,0.0000000017,0.000007,,0.0053,9,36
OP297,0.00000000000002,500000,,0.15,0.00005,0.000000017,0.0000000001,,0.000625,4,40
AD827,0.0000000000015,50000000,50000000,300,0.002,0.000000015,0.000007,,0.0105,9,36
LT1122,0.000000000000002,14000000,,80,0.0006,0.000000014,0.000000000075,,0.0075,20,40
LTC1049,0.000000000000002,800000,,0.8,0.00001,0.00000008,0.00000000005,In to V- Output,0.0002,4.75,18
LTC1150,0.0000000000000018,2500000,,3,0.00001,0.00000009,0.0000000001,In to V-,0.0008,4.75,32
AD746,0.00000000000001,13000000,13000000,75,0.0015,0.000000016,0.00000000025,,0.004,9,36
LT1077,0.000000000000065,230000,,0.08,0.00004,0.000000027,0.000000009,In to V-,0.000048,2.2,44
AD843,0.000000000012,34000000,,250,0.001,0.000000019,0.000000001,,0.012,9,36
LTC1051,0.0000000000000022,2500000,,4,0.000005,0.00000007,0.000000000065,In to V- Output,0.001,4.75,16.5
OP249,0.000000000000003,4700000,,22,0.00075,0.000000016,0.000000000075,,0.0035,9,36
AD844,0.000000000012,,60000000,2000,0.00015,0.000000002,0.00000025,,0.0065,9,36
AD844S,,,60000000,,0.0003,,0.00000045,,,9,36
AD848,0.0000000000015,175000000,35000000,300,0.0023,0.000000005,0.000005,,0.0048,9,36
AD708,0.00000000000012,900000,,0.3,0.00003,0.0000000096,0.000000001,,0.00275,6,36
AD841,,40000000,40000000,300,0.001,0.000000015,0.000005,,0.011,10,36
LT1097,0.000000000000008,700000,,0.2,0.00005,0.000000014,0.00000000025,,0.00035,2,40
LT1115,0.0000000000012,70000000,,15,0.0002,0.0000000009,0.00000038,,0.0085,8,44
LTC1053,0.0000000000000022,2500000,,4,0.000005,0.00000007,0.000000000065,In to V- Output,0.001,4.75,16.5
OP177,0.00000000000014,600000,,0.3,0.000025,0.00000001,0.000000002,,0.0016,6,44
AD713,0.00000000000001,4000000,4000000,20,0.0015,0.000000016,0.00000000015,,0.003,9,36
LT1079,0.00000000000006,200000,,0.07,0.0001,0.000000028,0.000000008,In to V-,0.000038,2.2,44
LT1079MJ,0.00000000000006,200000,,0.07,0.0001,0.000000028,0.000000008,,0.000038,2.2,44
AD842,,80000000,,375,0.001,0.000000009,0.000005,,0.013,10,36
AD845,0.0000000000001,16000000,,100,0.00025,0.000000012,0.000000001,,0.01,9.5,36
AD847,0.0000000000015,50000000,50000000,300,0.001,0.000000015,0.0000066,,0.0048,9,36
LT1078,0.00000000000006,200000,,0.07,0.00007,0.000000028,0.000000008,In to V-,0.000038,2.2,44
LTC1050,0.0000000000000018,2500000,,4,0.000005,0.00000009,0.00000000003,In to V- Output,0.001,4.75,18
OP290,,20000,,0.012,0.0005,0.00000008,0.000000025,In to V-,0.00002,1.6,36
LT1178,0.00000000000001,85000,,0.04,0.00007,0.000000049,0.000000005,In to V-,0.000012,2,44
LT1179,0.00000000000001,85000,,0.04,0.0001,0.000000049,0.000000005,In to V-,0.000012,2,44
AD744,0.00000000000001,13000000,13000000,75,0.0005,0.000000016,0.0000000001,,0.0035,9,36
OP97,0.00000000000002,900000,,0.2,0.000025,0.000000014,0.0000000001,,0.0006,4,40
AD549,0.00000000000000011,1000000,1000000,3,0.0005,0.000000035,0.00000000000006,,0.0007,10,36
OP200,0.0000000000004,500000,,0.15,0.000075,0.000000011,0.000000002,,0.000775,3,36
OP200S,,,,,0.000075,,0.000000002,,,3,36
LT1006,0.00000000000007,600000,,0.4,0.00005,0.000000022,0.000000015,In to V-,0.00034,4,44
OP270,0.0000000000006,5000000,,2.4,0.000075,0.0000000032,0.00000002,,0.00325,9,36
OP270S,,,,,0.000075,,0.00000002,,0.00325,9,36
OP42,0.000000000000007,10000000,,52,0.00075,0.000000012,0.00000000025,,0.0051,16,40
OP42S,,,,,0.001,,0.0000000002,,,16,40
OP471,0.0000000000004,6500000,,8,0.0008,0.0000000065,0.000000025,,0.0023,9,36
OP471S,,,,,0.0004,,0.000000025,,,9,36
OP490,0.00000000000007,20000,,0.012,0.001,0.00000006,0.000000025,In to V-,0.00002,3,36
RH1056A,0,6500000,,10,0.0003,0.000000028,0.00000000005,,0.0065,8,40
RH1078M,0.00000000000025,200000,,0.04,0.00012,0.000000024,0.000000015,,0.000075,4.5,44
RH108A,,500000,,,0.001,,0.000000002,,0.0006,,40
AD648,0.0000000000000018,1000000,1000000,1.8,0.001,0.00000003,0.00000000001,,0.00017,9,36
AD648S,,,,,0.001,,0.00000000001,,,9,36
AD711,0.00000000000001,4000000,4000000,20,0.001,0.000000016,0.00000000005,,0.0028,9,36
AD712,0.00000000000001,4000000,4000000,20,0.001,0.000000016,0.000000000075,,0.0028,9,36
LT1057,0.0000000000000015,5000000,,14,0.00045,0.000000013,0.00000000005,,0.0016,8,40
LT1057MH/883,0.0000000000000015,5000000,,14,0.00045,0.000000013,0.00000000005,,0.0016,8,40
LT1058,0.0000000000000015,5000000,,14,0.0006,0.000000013,0.00000000005,,0.0016,8,40
OP470,0.0000000000004,6000000,,2,0.0004,0.0000000032,0.000000025,,0.00225,9,36
OP470S,,,,,0.0004,,0.000000025,,,9,36
LT1028,0.000000000001,75000000,,15,0.00004,0.00000000085,0.00000009,,0.0074,8,44
OP400,0.0000000000006,500000,,0.15,0.00015,0.000000011,0.000000003,,0.0006,6,40
OP400S,,,,,0.00015,,0.000000003,,,6,40
OP77,0.00000000000012,600000,,0.3,0.000025,0.0000000096,0.000000002,,0.002,6,44
OP77S,,,,,0.000025,,0.000000002,,,6,44
LT1022,0.0000000000000018,8500000,,26,0.00025,0.000000014,0.00000000005,,0.0052,20,40
LT1022AMH/883,0.0000000000000018,8500000,,26,0.00025,0.000000014,0.00000000005,,0.0052,20,40
LT1024,0.00000000000002,1000000,,0.2,0.00005,0.000000014,0.00000000012,,0.00038,4,40
LTC1052,0.0000000000000006,1200000,,4,0.000005,0.00000003,0.00000000003,In to V- Output,0.0017,4.75,18
LT1013,0.00000000000007,800000,,0.4,0.00015,0.000000022,0.00000002,In to V-,0.00035,4,44
LT1013AMH,0.00000000000007,800000,,0.4,0.00015,0.000000022,0.00000002,In to V-,0.00035,4,44
LT1014,0.00000000000007,800000,,0.4,0.00015,0.000000022,0.00000002,In to V-,0.00035,4,44
LT1010,,30000000,,200,0.15,0.00000002,0.00025,,0.005,4.5,44
LT1055,0.0000000000000018,4500000,,12,0.0007,0.000000015,0.00000000005,,0.0028,8,40
LT1056,0.0000000000000018,5500000,,14,0.0008,0.000000015,0.00000000005,,0.005,8,40
RH101A,,100000,,,0.002,,0.000000075,,0.003,4,44
RH118,,15000000,,50,0.006,,,,0.008,,40
RH27C,0.0000000000006,5000000,,1.7,0.00006,0.0000000055,0.00000006,,0.0035,,44
RH37C,0.0000000000006,45000000,,11,0.0001,0.000000008,0.00000015,,0.0056,,44
LT1001,0.0000000000001,800000,,0.25,0.000025,0.0000000096,0.000000002,,0.0015,6,44
LT1002,0.0000000000001,800000,,0.25,0.00006,0.0000000096,0.000000003,,0.00153,6,44
LT1007,0.0000000000004,8000000,,2.5,0.000025,0.0000000025,0.000000035,,0.0026,10,30
LT1008,0.00000000000002,1000000,,0.2,0.00012,0.000000014,0.0000000001,,0.00038,4,40
LT1012,0.00000000000002,1000000,,0.2,0.000025,0.000000014,0.0000000001,,0.00037,2.4,40
LT1037,0.0000000000004,60000000,,15,0.000025,0.0000000025,0.000000035,,0.0026,8,44
OP227S,,,,,0.00008,,0.00000004,,,,
OP27,0.0000000000004,8000000,,2.8,0.000025,0.000000003,0.00000004,,0.0057,8,36
OP27S,,,,,0.000025,,,,,8,36
OP37,0.0000000000017,63000000,,17,0.0001,0.000000003,0.00000004,,0.003,8,44
OP37S,,,,,0.000025,,0.00000004,,,8,44
OP215S,,,,,0.001,,0.0000000001,,,20,32
OP11S,,,,,0.0005,,0.0000003,,,10,30
OP15S,,,,,0.0005,,0.00000000005,,,20,36
OP16S,,,,,0.0005,,0.00000000005,,,,
PM155S,,,,,0.002,,0.000000003,,,10,20
PM156S,,,,,0.002,,0.000000003,,,10,20
OP12S,,,,,0.00015,,0.000000002,,,10,30
PM108S,,,,,0.0005,,0.000000002,,,10,40
OP07,0.00000000000012,600000,,0.3,0.000075,0.0000000096,0.000000004,,0.004,6,36
OP07S,,,,,0.000025,,0.000000002,,,6,36
MAX40075,0.0000000000000005,10000000,10000000,3,0.00015,0.0000000055,0.0000000023,Output Only,0.0022,2.7,5.5
MAX40077,0.0000000000000005,10000000,10000000,3,0.00035,0.0000000055,0.00000000026,Output Only,0.0022,2.7,5.5
MAX40088,0.0000000000000005,42000000,42000000,10,0.00015,0.0000000055,0.0000000023,Output Only,0.0022,2.7,5.5
MAX40089,0.0000000000000005,42000000,42000000,10,0.00035,0.0000000055,0.00000000026,Output Only,0.0022,2.7,5.5
MAX40108,0.0000000000001,,168000,0.08,0.00001,0.00000009,0.0000000002,Both,0.0000255,0.9,3.6
MAX4227,0.000000000003,,600000000,1700,0.005,0.000000002,0.00001,,0.006,5.7,11
MAX44259,0.0000000000000012,,15000000,7,0.0008,,0.0000000000005,Both,0.00075,1.7,5.5
MAX4477,0.0000000000000005,,10000000,3,0.00075,0.0000000045,0.00000000015,Output Only,0.0025,2.7,5.5